Data;Opady;Temperatura powietrza [C];Prędkość wiatru;Kierunek wiatru;;;kierunki wiatru;zakres kąta
2008-09-23;0;12.13;3.88;66.25;;;N;0<22,5
2008-09-24;0;10.86;4.50;53.75;;;NE;22,5-67,5
2008-09-25;0;10.05;2.63;30.00;;;E;67,5-112,5
2008-09-26;0;9.54;1.88;212.50;;;SE;112,5-157,5
2008-09-27;0;13.00;6.63;242.50;;;S;157,5-202,5
2008-09-28;0.9;13.15;7.75;255.00;;;SW;202,5-247,5
2008-09-29;5.7;10.96;6.13;240.00;;;W;247,5-292,5
2008-09-30;2.4;10.29;6.13;207.50;;;NW;292,5-337,5
2008-10-01;9.6;11.06;9.25;213.75;;;N;337,5-360
2008-10-02;0;10.30;11.38;220.00;;;;
2008-10-03;0.2;9.19;7.00;211.25;;;;
2008-10-04;0;8.95;6.38;225.00;;;;
2008-10-05;0.5;8.83;7.88;198.75;;;;
2008-10-06;0;9.70;3.13;237.50;;;;
2008-10-07;0;6.55;1.88;162.50;;;;
2008-10-08;0;7.81;1.50;128.75;;;;
2008-10-09;0.4;9.65;3.38;200.00;;;;
2008-10-10;0;11.63;5.38;243.75;;;;
2008-10-11;0;13.06;6.25;230.00;;;;
2008-10-12;3.2;12.43;6.63;252.50;;;;
2008-10-13;0.1;13.03;5.63;222.50;;;;
2008-10-14;0;13.24;7.13;252.50;;;;
2008-10-15;1.8;10.44;3.38;208.75;;;;
2008-10-16;3.5;11.49;6.88;221.25;;;;
2008-10-17;5.8;9.05;5.25;275.00;;;;
2008-10-18;0.4;9.70;6.75;240.00;;;;
2008-10-19;1.5;10.85;8.88;251.25;;;;
2008-10-20;0;11.31;5.75;210.00;;;;
2008-10-21;4.7;12.18;5.00;206.25;;;;
2008-10-22;3.4;10.20;4.50;221.25;;;;
2008-10-23;0.8;7.55;4.75;212.50;;;;
2008-10-24;0;7.00;5.50;188.75;;;;
2008-10-25;0;7.65;3.38;200.00;;;;
2008-10-26;3.6;10.90;7.25;202.50;;;;
2008-10-27;2.5;9.84;5.00;210.00;;;;
2008-10-28;0;7.10;5.75;210.00;;;;
2008-10-29;1.1;5.59;1.25;110.00;;;;
2008-10-30;9.2;8.43;7.88;112.50;;;;
2008-10-31;0.9;6.01;8.88;220.00;;;;
2008-11-01;0;5.79;4.50;93.75;;;;
2008-11-02;0;7.41;3.75;72.50;;;;
2008-11-03;0;5.73;2.63;103.75;;;;
2008-11-04;0;6.99;2.13;98.75;;;;
2008-11-05;0.1;8.81;5.38;76.25;;;;
2008-11-06;0;6.43;6.63;87.50;;;;
2008-11-07;0;5.36;4.00;137.50;;;;
2008-11-08;0;7.44;2.25;132.50;;;;
2008-11-09;0.4;10.64;5.25;192.50;;;;
2008-11-10;0.5;11.46;7.00;191.25;;;;
2008-11-11;0.5;12.10;7.50;200.00;;;;
2008-11-12;0;7.24;4.75;200.00;;;;
2008-11-13;0.7;6.61;5.88;217.50;;;;
2008-11-14;2.4;6.09;7.88;216.25;;;;
2008-11-15;0.2;9.91;12.13;250.00;;;;
2008-11-16;5;8.55;10.38;272.50;;;;
2008-11-17;0;4.63;4.75;307.50;;;;
2008-11-18;6.6;3.04;7.75;202.50;;;;
2008-11-19;8.2;6.69;9.13;271.25;;;;
2008-11-20;11.6;7.44;8.25;288.75;;;;
2008-11-21;5.7;1.83;5.13;277.50;;;;
2008-11-22;19.8;-0.33;4.00;200.00;;;;
2008-11-23;3.6;1.98;5.88;306.25;;;;
2008-11-24;15.9;0.85;6.50;266.25;;;;
2008-11-25;5.6;0.80;3.50;261.25;;;;
2008-11-26;1.1;3.10;5.88;270.00;;;;
2008-11-27;0;6.34;7.38;246.25;;;;
2008-11-28;0;4.04;4.50;191.25;;;;
2008-11-29;0;1.84;4.63;126.25;;;;
2008-11-30;0;3.33;3.50;146.25;;;;
2008-12-01;0.3;3.40;3.38;138.75;;;;
2008-12-02;1.3;5.14;7.75;182.50;;;;
2008-12-03;1.3;3.23;6.00;176.25;;;;
2008-12-04;0;1.91;6.38;182.50;;;;
2008-12-05;0.4;3.05;2.88;158.75;;;;
2008-12-06;11.7;3.19;1.88;171.25;;;;
2008-12-07;2.1;5.03;3.63;288.75;;;;
2008-12-08;0.7;1.84;3.63;210.00;;;;
2008-12-09;0.1;2.60;5.13;206.25;;;;
2008-12-10;0.8;1.43;5.00;201.25;;;;
2008-12-11;8;1.68;2.25;115.00;;;;
2008-12-12;1.1;3.08;3.00;172.50;;;;
2008-12-13;0;1.90;3.38;130.00;;;;
2008-12-14;0;-0.28;4.75;118.75;;;;
2008-12-15;1.8;-0.19;4.25;137.50;;;;
2008-12-16;0;0.56;2.50;137.50;;;;
2008-12-17;0;2.85;2.25;176.25;;;;
2008-12-18;0;3.10;1.13;135.00;;;;
2008-12-19;0.8;1.90;3.38;217.50;;;;
2008-12-20;2.2;4.13;8.50;241.25;;;;
2008-12-21;3.3;5.16;6.25;267.50;;;;
2008-12-22;0;6.60;10.38;267.50;;;;
2008-12-23;0;3.81;5.25;335.00;;;;
2008-12-24;0.3;0.76;2.00;158.75;;;;
2008-12-25;0.3;1.03;2.88;108.75;;;;
2008-12-26;0;1.25;2.25;120.00;;;;
2008-12-27;0.3;0.56;1.88;201.25;;;;
2008-12-28;0.1;0.68;1.13;131.25;;;;
2008-12-29;0;-2.19;2.38;153.75;;;;
2008-12-30;0;-5.29;1.25;95.00;;;;
2008-12-31;0;-5.94;2.00;182.50;;;;
2009-01-01;0.3;0.76;3.50;118.75;;;;
2009-01-02;0;-0.03;3.63;323.75;;;;
2009-01-03;9.5;1.13;6.63;280.00;;;;
2009-01-04;0;-4.04;2.63;123.75;;;;
2009-01-05;0;-12.29;2.13;203.75;;;;
2009-01-06;0;-6.90;6.63;213.75;;;;
2009-01-07;1;-2.08;9.25;246.25;;;;
2009-01-08;0.3;-1.68;7.75;258.75;;;;
2009-01-09;0.4;2.11;8.63;252.50;;;;
2009-01-10;0.1;1.85;3.88;233.75;;;;
2009-01-11;0;1.14;6.88;210.00;;;;
2009-01-12;0;0.78;6.50;196.25;;;;
2009-01-13;0;0.44;6.25;207.50;;;;
2009-01-14;0.3;1.73;3.00;197.50;;;;
2009-01-15;0.2;1.61;3.00;258.75;;;;
2009-01-16;0;0.34;2.88;117.50;;;;
2009-01-17;0;-1.76;2.63;125.00;;;;
2009-01-18;2.6;-2.10;5.38;137.50;;;;
2009-01-19;1.2;0.48;3.88;188.75;;;;
2009-01-20;1.2;1.94;3.75;177.50;;;;
2009-01-21;3.7;0.54;1.50;72.50;;;;
2009-01-22;0;1.71;2.50;268.75;;;;
2009-01-23;0;1.31;6.50;133.75;;;;
2009-01-24;0.3;3.95;4.00;158.75;;;;
2009-01-25;0;1.95;3.75;240.00;;;;
2009-01-26;0;0.38;1.88;183.75;;;;
2009-01-27;0;-1.68;1.13;141.25;;;;
2009-01-28;0;-0.66;1.25;171.25;;;;
2009-01-29;0.1;1.34;2.00;307.50;;;;
2009-01-30;3.2;1.50;3.25;105.00;;;;
2009-01-31;0.1;-0.36;5.38;61.25;;;;
2009-02-01;0;-3.54;5.38;82.50;;;;
2009-02-02;0;-3.16;5.00;98.75;;;;
2009-02-03;0;-2.90;4.88;116.25;;;;
2009-02-04;0;-1.06;2.63;107.50;;;;
2009-02-05;0;1.35;3.25;172.50;;;;
2009-02-06;0.4;2.26;4.00;173.75;;;;
2009-02-07;0.1;1.00;2.50;135.00;;;;
2009-02-08;0.1;1.53;6.63;235.00;;;;
2009-02-09;0;0.23;4.25;207.50;;;;
2009-02-10;4.8;-0.23;5.25;117.50;;;;
2009-02-11;1.5;0.98;2.38;143.75;;;;
2009-02-12;0.1;1.63;3.13;316.25;;;;
2009-02-13;4.2;1.40;3.75;310.00;;;;
2009-02-14;0;1.05;4.75;181.25;;;;
2009-02-15;0;-0.10;3.13;305.00;;;;
2009-02-16;1.9;-1.24;2.63;208.75;;;;
2009-02-17;2.3;-0.80;5.75;40.00;;;;
2009-02-18;3;-0.26;5.25;218.75;;;;
2009-02-19;0.1;-0.53;2.75;138.75;;;;
2009-02-20;0.5;-4.30;1.75;191.25;;;;
2009-02-21;0.3;-3.25;2.00;191.25;;;;
2009-02-22;8.4;-1.33;6.63;195.00;;;;
2009-02-23;1.5;1.46;2.75;148.75;;;;
2009-02-24;0.1;1.61;3.25;156.25;;;;
2009-02-25;1.8;1.65;8.88;237.50;;;;
2009-02-26;6.9;2.99;10.38;247.50;;;;
2009-02-27;0.5;2.35;5.00;277.50;;;;
2009-02-28;0;0.81;2.75;237.50;;;;
2009-03-01;0;0.60;3.38;77.50;;;;
2009-03-02;0.1;2.25;5.88;161.25;;;;
2009-03-03;0;2.84;2.25;192.50;;;;
2009-03-04;0.1;3.76;4.88;135.00;;;;
2009-03-05;0;5.49;6.13;111.25;;;;
2009-03-06;0.1;3.23;5.25;88.75;;;;
2009-03-07;0;2.66;2.00;60.00;;;;
2009-03-08;3.3;3.03;2.25;156.25;;;;
2009-03-09;0;2.96;4.00;267.50;;;;
2009-03-10;2.7;2.60;4.00;241.25;;;;
2009-03-11;3.3;1.94;3.63;247.50;;;;
2009-03-12;0;1.56;2.75;132.50;;;;
2009-03-13;0;1.88;3.63;140.00;;;;
2009-03-14;0.8;3.94;3.63;183.75;;;;
2009-03-15;0.7;3.94;3.00;91.25;;;;
2009-03-16;6;2.96;3.00;220.00;;;;
2009-03-17;0.6;4.41;7.75;268.75;;;;
2009-03-18;0;3.25;4.38;332.50;;;;
2009-03-19;0;2.71;5.50;58.75;;;;
2009-03-20;0;1.74;4.25;161.25;;;;
2009-03-21;0;2.73;9.00;251.25;;;;
2009-03-22;2.7;3.48;5.13;261.25;;;;
2009-03-23;1.1;4.16;7.50;242.50;;;;
2009-03-24;1.9;0.34;6.38;221.25;;;;
2009-03-25;0;-0.78;3.38;265.00;;;;
2009-03-26;0.1;-0.56;2.75;101.25;;;;
2009-03-27;5.6;4.39;4.63;176.25;;;;
2009-03-28;9.2;6.50;3.38;172.50;;;;
2009-03-29;0.1;4.41;5.75;208.75;;;;
2009-03-30;0;3.38;3.00;206.25;;;;
2009-03-31;0;6.18;6.63;237.50;;;;
2009-04-01;0;4.85;4.38;216.25;;;;
2009-04-02;0;2.95;2.25;98.75;;;;
2009-04-03;0;5.94;1.75;215.00;;;;
2009-04-04;0;6.93;2.00;186.25;;;;
2009-04-05;0;6.48;7.38;256.25;;;;
2009-04-06;0;6.26;3.25;192.50;;;;
2009-04-07;0;5.23;2.75;56.25;;;;
2009-04-08;3.9;11.51;2.25;140.00;;;;
2009-04-09;1.1;8.61;4.25;230.00;;;;
2009-04-10;0;7.39;2.88;141.25;;;;
2009-04-11;0;8.70;4.13;80.00;;;;
2009-04-12;0;9.09;2.25;48.75;;;;
2009-04-13;0;9.26;2.50;37.50;;;;
2009-04-14;0;10.09;3.13;67.50;;;;
2009-04-15;0;6.85;5.13;46.25;;;;
2009-04-16;0;7.55;5.75;58.75;;;;
2009-04-17;0;6.90;5.63;50.00;;;;
2009-04-18;0;5.41;6.50;45.00;;;;
2009-04-19;0;2.85;5.25;61.25;;;;
2009-04-20;0;3.84;3.38;193.75;;;;
2009-04-21;0;5.65;5.00;61.25;;;;
2009-04-22;0;7.60;3.13;51.25;;;;
2009-04-23;0;7.01;4.50;37.50;;;;
2009-04-24;0;7.03;2.88;103.75;;;;
2009-04-25;0;12.29;4.00;131.25;;;;
2009-04-26;0;16.29;5.25;168.75;;;;
2009-04-27;0;16.98;6.63;168.75;;;;
2009-04-28;0;18.28;4.50;162.50;;;;
2009-04-29;0;17.21;4.50;97.50;;;;
2009-04-30;0;9.21;6.13;41.25;;;;
2009-05-01;0;8.88;6.00;51.25;;;;
2009-05-02;0;7.34;2.00;87.50;;;;
2009-05-03;0;10.71;2.38;182.50;;;;
2009-05-04;0;10.01;8.63;250.00;;;;
2009-05-05;2.1;8.99;7.38;227.50;;;;
2009-05-06;6.7;8.83;8.75;235.00;;;;
2009-05-07;0;10.53;6.63;258.75;;;;
2009-05-08;12.9;14.98;4.13;188.75;;;;
2009-05-09;0.6;11.70;7.75;221.25;;;;
2009-05-10;13;9.73;3.25;170.00;;;;
2009-05-11;0;8.85;2.38;268.75;;;;
2009-05-12;0;7.75;3.13;208.75;;;;
2009-05-13;0;7.96;2.25;123.75;;;;
2009-05-14;0;8.00;3.13;178.75;;;;
2009-05-15;0;6.50;2.88;32.50;;;;
2009-05-16;3;7.59;4.63;55.00;;;;
2009-05-17;0;9.14;3.00;151.25;;;;
2009-05-18;0.9;12.01;2.63;218.75;;;;
2009-05-19;0.2;12.76;3.13;158.75;;;;
2009-05-20;0.5;13.60;3.38;208.75;;;;
2009-05-21;9;13.51;2.50;125.00;;;;
2009-05-22;0;12.53;8.25;248.75;;;;
2009-05-23;0;11.08;7.75;267.50;;;;
2009-05-24;0;12.99;5.25;251.25;;;;
2009-05-25;0;12.35;2.75;253.75;;;;
2009-05-26;2.3;17.66;3.13;118.75;;;;
2009-05-27;2.7;13.40;8.88;256.25;;;;
2009-05-28;5.8;10.99;6.13;233.75;;;;
2009-05-29;0;11.01;4.75;37.50;;;;
2009-05-30;0.1;12.83;7.50;50.00;;;;
2009-05-31;0;14.84;5.13;43.75;;;;
2009-06-01;0.1;14.70;2.25;86.25;;;;
2009-06-02;2.8;13.55;2.13;205.00;;;;
2009-06-03;3.1;10.43;4.63;252.50;;;;
2009-06-04;4.7;11.38;7.75;266.25;;;;
2009-06-05;4.3;8.68;5.38;257.50;;;;
2009-06-06;0.2;9.54;4.50;75.00;;;;
2009-06-07;0.1;10.21;5.25;52.50;;;;
2009-06-08;5.4;12.10;3.88;167.50;;;;
2009-06-09;0.7;12.18;4.25;72.50;;;;
2009-06-10;2.2;16.01;3.75;232.50;;;;
2009-06-11;12.3;15.71;3.63;151.25;;;;
2009-06-12;8.8;11.69;12.13;222.50;;;;
2009-06-13;1.1;11.28;6.25;258.75;;;;
2009-06-14;0;13.24;10.50;257.50;;;;
2009-06-15;0;13.60;8.50;248.75;;;;
2009-06-16;0;12.24;5.13;248.75;;;;
2009-06-17;0;12.25;6.50;255.00;;;;
2009-06-18;0;13.64;6.13;203.75;;;;
2009-06-19;0.2;13.90;5.25;238.75;;;;
2009-06-20;1.6;13.81;6.63;238.75;;;;
2009-06-21;0;13.55;2.88;100.00;;;;
2009-06-22;0.1;14.01;4.00;77.50;;;;
2009-06-23;0;14.96;5.50;32.50;;;;
2009-06-24;0.1;14.94;6.50;42.50;;;;
2009-06-25;5.1;15.99;6.75;57.50;;;;
2009-06-26;0;15.40;7.38;55.00;;;;
2009-06-27;0;14.24;4.63;46.25;;;;
2009-06-28;0;14.31;4.75;38.75;;;;
2009-06-29;0;16.29;4.38;45.00;;;;
2009-06-30;0.1;18.91;3.50;37.50;;;;
2009-07-01;0;19.51;1.88;68.75;;;;
2009-07-02;0;17.91;2.25;103.75;;;;
2009-07-03;0;18.39;1.88;140.00;;;;
2009-07-04;2.4;18.28;3.88;243.75;;;;
2009-07-05;0.1;18.55;3.25;143.75;;;;
2009-07-06;1.8;16.64;3.38;196.25;;;;
2009-07-07;16.4;17.65;1.50;121.25;;;;
2009-07-08;27.1;15.54;2.88;157.50;;;;
2009-07-09;0;16.00;10.50;236.25;;;;
2009-07-10;1.2;14.89;5.25;190.00;;;;
2009-07-11;1.6;13.83;4.88;177.50;;;;
2009-07-12;2.8;14.63;2.38;145.00;;;;
2009-07-13;0.1;15.94;3.25;172.50;;;;
2009-07-14;0.6;18.88;3.50;191.25;;;;
2009-07-15;16.2;20.89;1.38;138.75;;;;
2009-07-16;0;19.63;1.88;207.50;;;;
2009-07-17;0;19.41;3.75;90.00;;;;
2009-07-18;14;21.94;5.13;175.00;;;;
2009-07-19;8.3;16.30;5.25;277.50;;;;
2009-07-20;14.7;15.76;7.25;225.00;;;;
2009-07-21;0.2;16.70;8.88;247.50;;;;
2009-07-22;11.8;18.80;2.00;177.50;;;;
2009-07-23;0;22.25;3.38;135.00;;;;
2009-07-24;0;18.58;6.88;251.25;;;;
2009-07-25;3;16.56;6.38;246.25;;;;
2009-07-26;0;16.28;6.88;256.25;;;;
2009-07-27;0;18.51;3.00;175.00;;;;
2009-07-28;0.5;17.24;4.88;217.50;;;;
2009-07-29;0;17.20;3.00;175.00;;;;
2009-07-30;4.8;19.86;4.38;181.25;;;;
2009-07-31;1.7;15.61;6.63;240.00;;;;
2009-08-01;0;16.19;3.50;168.75;;;;
2009-08-02;0;21.09;3.00;125.00;;;;
2009-08-03;0;19.81;4.25;63.75;;;;
2009-08-04;0;19.04;4.38;42.50;;;;
2009-08-05;0;19.05;3.13;105.00;;;;
2009-08-06;0;19.25;4.63;43.75;;;;
2009-08-07;0;17.49;2.88;42.50;;;;
2009-08-08;0;19.38;4.00;81.25;;;;
2009-08-09;0;19.88;2.88;56.25;;;;
2009-08-10;0;19.49;3.50;142.50;;;;
2009-08-11;6.1;17.58;4.13;198.75;;;;
2009-08-12;5.3;17.49;7.63;245.00;;;;
2009-08-13;25.4;16.53;6.75;261.25;;;;
2009-08-14;9.9;16.31;7.00;266.25;;;;
2009-08-15;0;16.61;3.63;201.25;;;;
2009-08-16;0;19.14;4.88;222.50;;;;
2009-08-17;12.9;17.73;5.38;202.50;;;;
2009-08-18;0;17.14;8.38;262.50;;;;
2009-08-19;0;16.33;3.13;212.50;;;;
2009-08-20;0;17.00;3.13;125.00;;;;
2009-08-21;8;20.16;3.88;201.25;;;;
2009-08-22;0;17.65;3.00;246.25;;;;
2009-08-23;0;15.30;1.50;108.75;;;;
2009-08-24;0;15.11;3.00;123.75;;;;
2009-08-25;0.1;19.16;3.38;142.50;;;;
2009-08-26;0;17.63;4.38;213.75;;;;
2009-08-27;0;16.69;2.38;168.75;;;;
2009-08-28;3.9;20.78;3.88;181.25;;;;
2009-08-29;2.6;16.15;5.75;240.00;;;;
2009-08-30;9.3;14.20;7.00;228.75;;;;
2009-08-31;0;15.10;4.13;202.50;;;;
2009-09-01;0.1;19.23;4.75;158.75;;;;
2009-09-02;0.1;17.39;3.63;176.25;;;;
2009-09-03;10.4;17.48;4.50;161.25;;;;
2009-09-04;2.5;15.38;6.25;191.25;;;;
2009-09-05;23.7;13.90;7.38;216.25;;;;
2009-09-06;0;16.18;9.75;270.00;;;;
2009-09-07;0.1;15.41;3.13;188.75;;;;
2009-09-08;0;16.18;3.13;173.75;;;;
2009-09-09;0;17.40;3.75;171.25;;;;
2009-09-10;1.2;17.09;2.13;91.25;;;;
2009-09-11;0.1;16.15;3.63;30.00;;;;
2009-09-12;5.2;13.24;2.88;178.75;;;;
2009-09-13;2.4;13.48;4.38;155.00;;;;
2009-09-14;0;15.01;4.75;62.50;;;;
2009-09-15;0;13.89;2.88;43.75;;;;
2009-09-16;0;13.06;1.13;122.50;;;;
2009-09-17;0;14.76;2.50;135.00;;;;
2009-09-18;0;11.10;1.38;135.00;;;;
2009-09-19;0;12.55;1.38;77.50;;;;
2009-09-20;0;13.76;2.25;157.50;;;;
2009-09-21;0;13.75;4.13;246.25;;;;
2009-09-22;0;14.24;6.25;221.25;;;;
2009-09-23;1.9;15.96;9.88;253.75;;;;
2009-09-24;2;14.99;8.88;268.75;;;;
2009-09-25;0;15.15;6.63;276.25;;;;
2009-09-26;0;14.03;5.25;235.00;;;;
2009-09-27;0;13.16;4.88;223.75;;;;
2009-09-28;7.2;13.41;8.00;242.50;;;;
2009-09-29;0;12.18;5.50;296.25;;;;
2009-09-30;2.8;11.28;5.75;265.00;;;;
2009-10-01;7.5;10.18;8.50;256.25;;;;
2009-10-02;6.9;7.60;5.00;236.25;;;;
2009-10-03;1.2;8.04;7.75;198.75;;;;
2009-10-04;6.8;11.94;13.88;238.75;;;;
2009-10-05;0;11.83;9.13;272.50;;;;
2009-10-06;2;9.51;3.25;163.75;;;;
2009-10-07;11.6;12.36;5.88;221.25;;;;
2009-10-08;1.8;9.36;3.25;198.75;;;;
2009-10-09;0;8.61;5.13;208.75;;;;
2009-10-10;1.8;6.83;2.50;83.75;;;;
2009-10-11;3.5;7.34;2.25;122.50;;;;
2009-10-12;7.3;8.31;5.13;167.50;;;;
2009-10-13;10.4;6.24;6.38;101.25;;;;
2009-10-14;10.6;6.91;11.00;22.50;;;;
2009-10-15;3.2;5.10;6.00;47.50;;;;
2009-10-16;0;2.94;3.25;162.50;;;;
2009-10-17;9.4;3.09;1.38;153.75;;;;
2009-10-18;1.5;5.98;2.38;166.25;;;;
2009-10-19;0;5.50;4.88;207.50;;;;
2009-10-20;0;4.30;2.38;133.75;;;;
2009-10-21;0;7.58;4.00;75.00;;;;
2009-10-22;0;5.65;2.25;87.50;;;;
2009-10-23;0;7.30;3.50;73.75;;;;
2009-10-24;8.9;7.29;2.00;97.50;;;;
2009-10-25;0.7;7.98;4.25;186.25;;;;
2009-10-26;1.1;10.31;4.00;193.75;;;;
2009-10-27;0.4;9.29;3.88;250.00;;;;
2009-10-28;0;7.50;2.88;270.00;;;;
2009-10-29;0.7;7.34;3.50;21.25;;;;
2009-10-30;0.2;6.66;2.75;138.75;;;;
2009-10-31;0;4.96;2.00;233.75;;;;
2009-11-01;0;3.20;3.25;132.50;;;;
2009-11-02;0;3.10;6.00;142.50;;;;
2009-11-03;0;0.64;4.88;126.25;;;;
2009-11-04;1.7;-0.04;7.13;117.50;;;;
2009-11-05;0;4.69;5.00;155.00;;;;
2009-11-06;0;5.35;4.00;167.50;;;;
2009-11-07;0;3.75;3.38;136.25;;;;
2009-11-08;0.2;4.59;4.13;93.75;;;;
2009-11-09;4.4;5.63;6.38;76.25;;;;
2009-11-10;0.1;6.25;2.13;173.75;;;;
2009-11-11;1.5;5.91;4.13;125.00;;;;
2009-11-12;1;5.45;2.63;192.50;;;;
2009-11-13;0.6;4.85;2.38;208.75;;;;
2009-11-14;4.9;8.55;4.25;157.50;;;;
2009-11-15;3.4;8.13;2.63;185.00;;;;
2009-11-16;1.5;7.15;2.38;156.25;;;;
2009-11-17;0;8.85;3.63;203.75;;;;
2009-11-18;4.5;8.65;8.63;226.25;;;;
2009-11-19;0.2;9.46;10.13;253.75;;;;
2009-11-20;0;9.09;5.38;215.00;;;;
2009-11-21;0;8.76;6.75;240.00;;;;
2009-11-22;0.1;7.93;3.75;191.25;;;;
2009-11-23;8.5;7.91;5.88;196.25;;;;
2009-11-24;5.9;8.33;9.00;236.25;;;;
2009-11-25;0.1;9.68;6.50;220.00;;;;
2009-11-26;0;9.38;8.00;226.25;;;;
2009-11-27;5.1;7.05;5.88;197.50;;;;
2009-11-28;2.7;6.26;6.75;205.00;;;;
2009-11-29;0.6;6.70;4.75;192.50;;;;
2009-11-30;0;5.80;3.75;162.50;;;;
2009-12-01;10.1;6.11;2.50;137.50;;;;
2009-12-02;4.5;5.73;3.63;160.00;;;;
2009-12-03;0;1.55;3.38;151.25;;;;
2009-12-04;0;3.23;3.00;108.75;;;;
2009-12-05;0;5.21;3.00;142.50;;;;
2009-12-06;0.2;3.05;3.88;150.00;;;;
2009-12-07;2.3;5.13;3.63;186.25;;;;
2009-12-08;0;4.24;1.38;115.00;;;;
2009-12-09;0.3;1.59;1.13;126.25;;;;
2009-12-10;0;2.99;2.38;141.25;;;;
2009-12-11;0.2;0.58;0.88;51.25;;;;
2009-12-12;0;-0.01;1.63;107.50;;;;
2009-12-13;9.7;0.46;3.00;198.75;;;;
2009-12-14;4;2.14;2.88;115.00;;;;
2009-12-15;0;-1.78;2.88;180.00;;;;
2009-12-16;1;-1.18;5.75;201.25;;;;
2009-12-17;0.5;-5.84;3.50;138.75;;;;
2009-12-18;0.2;-9.55;3.00;135.00;;;;
2009-12-19;0;-13.98;2.63;163.75;;;;
2009-12-20;0;-14.88;3.75;190.00;;;;
2009-12-21;0;-12.86;2.75;196.25;;;;
2009-12-22;2.1;-3.96;5.13;148.75;;;;
2009-12-23;0;0.98;3.75;220.00;;;;
2009-12-24;0;-0.10;3.63;138.75;;;;
2009-12-25;1.9;2.64;5.13;137.50;;;;
2009-12-26;7.4;3.10;11.13;246.25;;;;
2009-12-27;0.2;2.01;5.50;215.00;;;;
2009-12-28;0.9;0.85;4.13;207.50;;;;
2009-12-29;0;1.56;4.63;265.00;;;;
2009-12-30;0;-2.53;1.75;56.25;;;;
2009-12-31;0;-2.01;0.63;13.75;;;;
2010-01-01;2;-2.60;1.38;38.75;;;;
2010-01-02;2;-1.28;5.00;46.25;;;;
2010-01-03;1.1;-3.45;2.75;166.25;;;;
2010-01-04;0.1;-4.66;6.50;220.00;;;;
2010-01-05;0;-5.11;4.38;200.00;;;;
2010-01-06;0;-6.80;2.88;126.25;;;;
2010-01-07;0.9;-5.81;2.50;185.00;;;;
2010-01-08;0;-5.66;2.13;156.25;;;;
2010-01-09;0;-0.86;9.75;70.00;;;;
2010-01-10;0.7;-0.96;11.13;67.50;;;;
2010-01-11;1.8;-2.66;5.00;80.00;;;;
2010-01-12;0;-2.54;1.13;67.50;;;;
2010-01-13;0;-3.31;2.50;118.75;;;;
2010-01-14;0;-9.14;1.88;101.25;;;;
2010-01-15;0;-7.04;2.25;115.00;;;;
2010-01-16;0;-8.80;3.13;122.50;;;;
2010-01-17;1.6;-5.59;6.25;120.00;;;;
2010-01-18;0.1;-2.36;5.00;147.50;;;;
2010-01-19;0.1;-2.76;3.00;132.50;;;;
2010-01-20;0.5;-6.83;3.00;106.25;;;;
2010-01-21;0;-5.78;3.13;86.25;;;;
2010-01-22;0;-8.83;2.38;101.25;;;;
2010-01-23;0;-13.38;2.13;108.75;;;;
2010-01-24;0;-12.53;2.00;121.25;;;;
2010-01-25;0;-11.58;1.75;77.50;;;;
2010-01-26;2.4;-11.94;2.13;190.00;;;;
2010-01-27;5;-5.10;6.00;247.50;;;;
2010-01-28;2;-2.33;6.63;276.25;;;;
2010-01-29;1.1;-3.01;2.88;222.50;;;;
2010-01-30;3.2;-1.83;4.63;171.25;;;;
2010-01-31;0;-6.76;4.75;206.25;;;;
2010-02-01;2.1;-3.60;3.13;187.50;;;;
2010-02-02;2.2;-2.63;7.00;208.75;;;;
2010-02-03;1.1;-0.81;7.38;198.75;;;;
2010-02-04;0;-1.78;4.38;192.50;;;;
2010-02-05;0;-2.03;4.38;107.50;;;;
2010-02-06;0;-5.51;4.13;103.75;;;;
2010-02-07;0;-4.09;1.13;106.25;;;;
2010-02-08;0;-3.35;1.50;207.50;;;;
2010-02-09;0.6;-3.93;1.88;176.25;;;;
2010-02-10;0;-5.40;2.13;83.75;;;;
2010-02-11;2.9;-2.05;6.88;63.75;;;;
2010-02-12;5.1;-1.18;5.25;56.25;;;;
2010-02-13;0;-2.14;1.38;62.50;;;;
2010-02-14;0.2;-0.95;1.63;22.50;;;;
2010-02-15;0.5;-0.93;1.13;25.00;;;;
2010-02-16;0.3;-2.31;0.88;26.25;;;;
2010-02-17;0;-2.05;3.25;107.50;;;;
2010-02-18;0.8;-0.55;3.00;107.50;;;;
2010-02-19;0.6;2.01;4.00;153.75;;;;
2010-02-20;1;0.01;3.50;166.25;;;;
2010-02-21;0;-2.18;7.88;225.00;;;;
2010-02-22;2.4;-0.96;5.00;182.50;;;;
2010-02-23;0.7;1.11;5.00;197.50;;;;
2010-02-24;0;-0.81;3.88;76.25;;;;
2010-02-25;0;1.64;3.38;132.50;;;;
2010-02-26;4.4;4.24;3.38;145.00;;;;
2010-02-27;0.4;3.21;4.75;205.00;;;;
2010-02-28;0.4;5.26;5.25;156.25;;;;
2010-03-01;2.7;2.43;10.63;235.00;;;;
2010-03-02;0.8;0.91;8.88;270.00;;;;
2010-03-03;0.1;0.01;6.63;266.25;;;;
2010-03-04;0.3;-1.20;3.50;228.75;;;;
2010-03-05;2.5;-2.63;3.63;312.50;;;;
2010-03-06;0.4;-4.13;2.75;105.00;;;;
2010-03-07;0.2;-2.95;2.38;161.25;;;;
2010-03-08;0;-4.93;1.25;143.75;;;;
2010-03-09;0.1;-2.58;3.50;246.25;;;;
2010-03-10;0;-2.98;2.13;220.00;;;;
2010-03-11;0;-4.14;1.88;202.50;;;;
2010-03-12;4.6;-0.64;3.88;247.50;;;;
2010-03-13;0;-0.10;4.38;240.00;;;;
2010-03-14;0.3;-0.26;3.63;205.00;;;;
2010-03-15;0;-3.11;5.00;250.00;;;;
2010-03-16;0;-0.88;4.50;238.75;;;;
2010-03-17;0.5;0.61;8.00;251.25;;;;
2010-03-18;0;2.80;4.50;235.00;;;;
2010-03-19;0.1;6.43;5.00;223.75;;;;
2010-03-20;5;6.56;5.25;235.00;;;;
2010-03-21;5.7;6.54;6.50;246.25;;;;
2010-03-22;0;2.84;3.63;256.25;;;;
2010-03-23;0.6;3.79;7.13;216.25;;;;
2010-03-24;0;4.40;4.50;193.75;;;;
2010-03-25;0;11.63;4.00;128.75;;;;
2010-03-26;0;14.71;2.75;175.00;;;;
2010-03-27;14.5;7.38;9.13;208.75;;;;
2010-03-28;1.5;6.19;8.25;246.25;;;;
2010-03-29;0;6.23;3.50;228.75;;;;
2010-03-30;0;6.78;2.75;77.50;;;;
2010-03-31;8.9;7.73;3.63;187.50;;;;
2010-04-01;0;5.59;3.88;208.75;;;;
2010-04-02;0;3.29;2.38;160.00;;;;
2010-04-03;0;3.19;3.13;35.00;;;;
2010-04-04;1;5.89;3.63;112.50;;;;
2010-04-05;0.7;5.95;4.13;210.00;;;;
2010-04-06;0;4.46;2.25;227.50;;;;
2010-04-07;0;4.25;2.38;53.75;;;;
2010-04-08;0.6;8.43;2.63;138.75;;;;
2010-04-09;0;6.31;5.88;258.75;;;;
2010-04-10;0.7;3.68;3.00;217.50;;;;
2010-04-11;0;4.01;5.50;43.75;;;;
2010-04-12;0;2.34;4.88;43.75;;;;
2010-04-13;0;2.30;1.75;97.50;;;;
2010-04-14;0;3.15;5.50;45.00;;;;
2010-04-15;0;3.45;3.25;57.50;;;;
2010-04-16;0;4.06;5.50;248.75;;;;
2010-04-17;0;5.88;8.63;245.00;;;;
2010-04-18;0;8.38;6.25;207.50;;;;
2010-04-19;0;4.20;3.13;287.50;;;;
2010-04-20;1;4.11;2.63;168.75;;;;
2010-04-21;0.1;4.85;6.25;250.00;;;;
2010-04-22;0;4.84;8.50;268.75;;;;
2010-04-23;5.1;6.60;8.13;260.00;;;;
2010-04-24;0;4.81;5.25;265.00;;;;
2010-04-25;0;8.00;3.13;130.00;;;;
2010-04-26;0;13.15;5.13;131.25;;;;
2010-04-27;0;9.16;6.38;250.00;;;;
2010-04-28;0;7.53;4.50;258.75;;;;
2010-04-29;0;13.83;2.75;217.50;;;;
2010-04-30;0;14.36;6.88;215.00;;;;
2010-05-01;0;10.81;4.75;233.75;;;;
2010-05-02;0;8.20;3.38;197.50;;;;
2010-05-03;23.8;5.56;6.13;87.50;;;;
2010-05-04;1.5;6.26;2.88;298.75;;;;
2010-05-05;0;5.64;3.88;215.00;;;;
2010-05-06;6.9;5.45;8.00;68.75;;;;
2010-05-07;22.4;5.79;5.75;41.25;;;;
2010-05-08;0;5.91;4.13;273.75;;;;
2010-05-09;0;6.61;1.50;85.00;;;;
2010-05-10;2.2;8.09;2.50;235.00;;;;
2010-05-11;0;7.76;3.25;168.75;;;;
2010-05-12;19.2;14.09;6.00;122.50;;;;
2010-05-13;1.2;7.99;3.63;286.25;;;;
2010-05-14;8.6;8.61;3.75;278.75;;;;
2010-05-15;6;9.13;3.38;223.75;;;;
2010-05-16;0;9.09;3.88;225.00;;;;
2010-05-17;0;7.84;4.00;290.00;;;;
2010-05-18;1.8;8.14;4.38;292.50;;;;
2010-05-19;0;10.61;3.63;76.25;;;;
2010-05-20;0;9.35;2.50;248.75;;;;
2010-05-21;0;11.28;2.25;241.25;;;;
2010-05-22;0;10.58;1.63;228.75;;;;
2010-05-23;0;11.89;6.00;216.25;;;;
2010-05-24;0.1;10.85;7.25;257.50;;;;
2010-05-25;0;9.88;11.50;261.25;;;;
2010-05-26;0;9.00;6.00;253.75;;;;
2010-05-27;2.8;8.21;2.88;80.00;;;;
2010-05-28;0;10.60;2.88;152.50;;;;
2010-05-29;0;10.70;6.50;251.25;;;;
2010-05-30;6.8;14.34;4.38;111.25;;;;
2010-05-31;19.5;10.80;6.75;57.50;;;;
2010-06-01;0.3;9.65;4.25;42.50;;;;
2010-06-02;0;9.13;3.63;28.75;;;;
2010-06-03;0;12.39;3.50;238.75;;;;
2010-06-04;0;12.05;2.38;160.00;;;;
2010-06-05;0;14.53;2.63;156.25;;;;
2010-06-06;0;14.56;1.75;186.25;;;;
2010-06-07;8.1;15.76;6.88;178.75;;;;
2010-06-08;0;12.90;5.00;228.75;;;;
2010-06-09;0.2;17.80;2.38;135.00;;;;
2010-06-10;13.5;17.06;4.25;111.25;;;;
2010-06-11;16;18.25;3.00;191.25;;;;
2010-06-12;0;15.43;11.25;260.00;;;;
2010-06-13;0;12.69;11.13;265.00;;;;
2010-06-14;0;12.25;4.50;252.50;;;;
2010-06-15;0;11.55;5.25;256.25;;;;
2010-06-16;0;12.09;2.50;111.25;;;;
2010-06-17;0;12.76;2.13;128.75;;;;
2010-06-18;0;14.38;5.38;236.25;;;;
2010-06-19;0.3;12.74;4.50;246.25;;;;
2010-06-20;0;11.81;2.50;121.25;;;;
2010-06-21;0;12.63;1.75;286.25;;;;
2010-06-22;0;13.41;3.13;277.50;;;;
2010-06-23;0;14.26;3.88;307.50;;;;
2010-06-24;0;14.98;2.63;327.50;;;;
2010-06-25;0;16.46;2.50;245.00;;;;
2010-06-26;0;15.81;5.00;277.50;;;;
2010-06-27;0;14.86;3.13;180.00;;;;
2010-06-28;0;17.26;3.00;72.50;;;;
2010-06-29;0;20.40;2.63;125.00;;;;
2010-06-30;0;18.75;4.50;228.75;;;;
2010-07-01;0;16.83;5.00;267.50;;;;
2010-07-02;0;16.00;2.88;146.25;;;;
2010-07-03;0;17.54;3.63;57.50;;;;
2010-07-04;0;18.89;2.88;80.00;;;;
2010-07-05;4.5;19.65;2.00;222.50;;;;
2010-07-06;18.3;17.21;3.88;261.25;;;;
2010-07-07;0;17.10;6.25;283.75;;;;
2010-07-08;0;17.60;3.38;263.75;;;;
2010-07-09;0;20.33;2.00;138.75;;;;
2010-07-10;0;25.15;2.75;143.75;;;;
2010-07-11;0;27.08;3.13;158.75;;;;
2010-07-12;0;27.09;3.88;141.25;;;;
2010-07-13;1;24.73;4.50;202.50;;;;
2010-07-14;0;20.61;3.13;198.75;;;;
2010-07-15;0;21.73;3.25;158.75;;;;
2010-07-16;0;23.28;2.75;70.00;;;;
2010-07-17;2.4;23.60;3.50;178.75;;;;
2010-07-18;0;20.04;4.75;296.25;;;;
2010-07-19;0;18.95;3.25;283.75;;;;
2010-07-20;0;18.60;3.25;115.00;;;;
2010-07-21;0;24.21;4.63;122.50;;;;
2010-07-22;5.9;25.30;2.63;216.25;;;;
2010-07-23;4.8;20.10;2.63;322.50;;;;
2010-07-24;47;21.05;3.38;71.25;;;;
2010-07-25;1.8;14.59;8.38;256.25;;;;
2010-07-26;0;16.10;3.25;223.75;;;;
2010-07-27;0;16.44;1.63;232.50;;;;
2010-07-28;38.2;16.06;3.63;271.25;;;;
2010-07-29;3.3;16.39;6.50;255.00;;;;
2010-07-30;0;16.54;3.88;223.75;;;;
2010-07-31;0;16.83;2.38;168.75;;;;
2010-08-01;0;20.79;2.13;151.25;;;;
2010-08-02;7.2;19.73;2.25;156.25;;;;
2010-08-03;19.5;16.93;2.88;126.25;;;;
2010-08-04;0;17.64;4.00;202.50;;;;
2010-08-05;0;18.63;2.75;115.00;;;;
2010-08-06;3.5;19.23;3.38;47.50;;;;
2010-08-07;0;19.29;2.00;105.00;;;;
2010-08-08;1.3;18.36;5.75;212.50;;;;
2010-08-09;0;18.35;6.13;245.00;;;;
2010-08-10;0;16.90;2.63;133.75;;;;
2010-08-11;0.8;20.28;2.38;128.75;;;;
2010-08-12;0;21.93;3.13;113.75;;;;
2010-08-13;0;20.65;3.25;210.00;;;;
2010-08-14;0.9;21.51;2.75;80.00;;;;
2010-08-15;0.5;20.58;4.13;88.75;;;;
2010-08-16;8;23.64;3.25;180.00;;;;
2010-08-17;0;19.51;4.38;161.25;;;;
2010-08-18;15.9;16.18;4.13;203.75;;;;
2010-08-19;0.5;17.39;7.50;257.50;;;;
2010-08-20;0;17.91;4.50;266.25;;;;
2010-08-21;0;20.34;3.75;221.25;;;;
2010-08-22;3.6;20.69;4.38;230.00;;;;
2010-08-23;0.2;19.61;3.88;217.50;;;;
2010-08-24;5.2;19.35;8.25;243.75;;;;
2010-08-25;13.1;14.91;12.50;237.50;;;;
2010-08-26;0;15.13;6.38;237.50;;;;
2010-08-27;14.5;13.09;3.13;68.75;;;;
2010-08-28;6.2;15.14;3.75;238.75;;;;
2010-08-29;5.3;13.03;4.13;202.50;;;;
2010-08-30;3.1;12.95;2.63;107.50;;;;
2010-08-31;0;14.65;2.75;22.50;;;;
2010-09-01;0;15.51;3.13;182.50;;;;
2010-09-02;1;14.63;4.13;270.00;;;;
2010-09-03;2.8;12.55;4.25;298.75;;;;
2010-09-04;1.4;11.04;2.88;90.00;;;;
2010-09-05;1.5;11.99;2.00;56.25;;;;
2010-09-06;0.3;11.94;4.13;121.25;;;;
2010-09-07;0;14.73;4.25;93.75;;;;
2010-09-08;0;14.96;4.50;88.75;;;;
2010-09-09;0.2;14.34;5.38;97.50;;;;
2010-09-10;10.6;15.00;3.25;181.25;;;;
2010-09-11;0;14.53;2.00;166.25;;;;
2010-09-12;0;16.15;2.00;123.75;;;;
2010-09-13;2.7;15.50;2.88;201.25;;;;
2010-09-14;1.9;14.18;6.38;213.75;;;;
2010-09-15;12.4;13.46;6.50;201.25;;;;
2010-09-16;12.4;11.59;8.13;215.00;;;;
2010-09-17;5.2;11.96;7.63;218.75;;;;
2010-09-18;24.7;11.46;11.00;235.00;;;;
2010-09-19;11.9;10.69;8.75;228.75;;;;
2010-09-20;2.2;11.99;5.50;206.25;;;;
2010-09-21;0.4;13.19;7.50;248.75;;;;
2010-09-22;0;11.85;1.75;238.75;;;;
2010-09-23;0;13.43;3.50;162.50;;;;
2010-09-24;0;16.63;4.25;162.50;;;;
2010-09-25;0;15.96;2.88;140.00;;;;
2010-09-26;0;14.60;3.88;61.25;;;;
2010-09-27;29;14.63;7.25;45.00;;;;
2010-09-28;30.9;11.71;8.75;27.50;;;;
2010-09-29;0.6;10.84;8.00;46.25;;;;
2010-09-30;0;8.96;4.75;66.25;;;;
2010-10-01;0;5.91;2.88;95.00;;;;
2010-10-02;0;7.78;2.88;117.50;;;;
2010-10-03;0;9.83;4.38;128.75;;;;
2010-10-04;0;10.54;5.63;128.75;;;;
2010-10-05;0;9.75;5.75;128.75;;;;
2010-10-06;0;9.69;5.63;141.25;;;;
2010-10-07;0;8.75;4.50;153.75;;;;
2010-10-08;0;7.34;3.13;135.00;;;;
2010-10-09;0;6.00;2.63;60.00;;;;
2010-10-10;0;4.38;1.50;170.00;;;;
2010-10-11;0;8.10;2.75;121.25;;;;
2010-10-12;0;7.35;3.50;210.00;;;;
2010-10-13;0.2;5.63;2.13;231.25;;;;
2010-10-14;1.6;8.21;4.50;267.50;;;;
2010-10-15;0;6.04;2.25;281.25;;;;
2010-10-16;0;3.54;2.38;61.25;;;;
2010-10-17;0;2.30;1.25;146.25;;;;
2010-10-18;0;2.76;2.75;152.50;;;;
2010-10-19;1;4.13;4.63;177.50;;;;
2010-10-20;9.1;6.78;4.88;198.75;;;;
2010-10-21;17.9;4.05;6.63;248.75;;;;
2010-10-22;2.3;7.15;9.50;246.25;;;;
2010-10-23;0.2;7.46;6.75;203.75;;;;
2010-10-24;2.3;7.83;7.38;200.00;;;;
2010-10-25;2.3;6.11;7.00;243.75;;;;
2010-10-26;0;5.98;2.88;255.00;;;;
2010-10-27;0.6;5.40;4.63;211.25;;;;
2010-10-28;1;7.43;6.50;223.75;;;;
2010-10-29;0;8.26;4.88;226.25;;;;
2010-10-30;0;8.75;4.50;176.25;;;;
2010-10-31;0;6.84;1.75;136.25;;;;
2010-11-01;0;4.69;0.38;62.50;;;;
2010-11-02;0;7.30;2.88;173.75;;;;
2010-11-03;3.9;9.26;8.00;217.50;;;;
2010-11-04;12.1;8.36;7.88;243.75;;;;
2010-11-05;6.3;9.83;7.88;255.00;;;;
2010-11-06;4.1;7.13;4.88;255.00;;;;
2010-11-07;0.6;4.16;2.13;185.00;;;;
2010-11-08;10.9;3.19;4.13;83.75;;;;
2010-11-09;3.7;4.50;4.63;162.50;;;;
2010-11-10;0.9;3.73;2.13;166.25;;;;
2010-11-11;5.3;5.10;5.38;210.00;;;;
2010-11-12;3.5;6.68;9.50;210.00;;;;
2010-11-13;0;8.48;10.63;238.75;;;;
2010-11-14;0.3;9.55;4.38;187.50;;;;
2010-11-15;0;9.50;6.13;228.75;;;;
2010-11-16;0.5;6.88;4.13;72.50;;;;
2010-11-17;16.4;4.76;7.38;71.25;;;;
2010-11-18;7.8;6.09;4.00;63.75;;;;
2010-11-19;12.4;6.99;5.75;150.00;;;;
2010-11-20;5.4;4.24;1.38;126.25;;;;
2010-11-21;0.6;4.03;1.75;140.00;;;;
2010-11-22;16.1;4.49;4.88;82.50;;;;
2010-11-23;10;3.56;3.38;155.00;;;;
2010-11-24;7.1;3.34;5.38;287.50;;;;
2010-11-25;13.2;2.44;5.13;266.25;;;;
2010-11-26;1.4;-0.35;2.88;195.00;;;;
2010-11-27;2.2;-0.40;1.63;143.75;;;;
2010-11-28;0.3;-0.58;3.25;118.75;;;;
2010-11-29;0.1;-2.28;10.63;66.25;;;;
2010-11-30;0.1;-4.40;7.75;73.75;;;;
2010-12-01;0;-8.11;4.13;112.50;;;;
2010-12-02;0.6;-6.48;6.88;108.75;;;;
2010-12-03;0.6;-8.75;6.25;190.00;;;;
2010-12-04;0;-4.45;7.50;215.00;;;;
2010-12-05;4.3;-4.49;6.00;182.50;;;;
2010-12-06;12.9;0.44;6.13;230.00;;;;
2010-12-07;0;-2.80;2.88;202.50;;;;
2010-12-08;5.2;-3.69;1.88;110.00;;;;
2010-12-09;2.2;0.11;3.50;240.00;;;;
2010-12-10;0;-0.54;4.75;303.75;;;;
2010-12-11;8.8;-0.07;6.25;226.25;;;;
2010-12-12;2.5;1.58;8.00;63.75;;;;
2010-12-13;3.6;-0.55;6.00;128.75;;;;
2010-12-14;5.6;-0.13;7.38;40.00;;;;
2010-12-15;0;-5.68;3.13;153.75;;;;
2010-12-16;0;-7.04;7.25;191.25;;;;
2010-12-17;0;-10.14;4.63;131.25;;;;
2010-12-18;3.4;-8.10;3.75;157.50;;;;
2010-12-19;0.2;-6.66;5.63;210.00;;;;
2010-12-20;3.8;-5.01;3.50;153.75;;;;
2010-12-21;0;-8.00;5.00;201.25;;;;
2010-12-22;0.2;-8.46;2.75;115.00;;;;
2010-12-23;7;-1.76;7.63;76.25;;;;
2010-12-24;0.2;-0.78;5.25;48.75;;;;
2010-12-25;0.8;-0.70;4.75;170.00;;;;
2010-12-26;0.2;-3.10;6.50;273.75;;;;
2010-12-27;0;-9.16;3.88;160.00;;;;
2010-12-28;0;-10.25;1.38;161.25;;;;
2010-12-29;1.4;-3.55;3.75;252.50;;;;
2010-12-30;2.1;-2.76;6.25;283.75;;;;
2010-12-31;1.6;-2.69;5.88;255.00;;;;
2011-01-01;0;1.63;10.75;275.00;;;;
2011-01-02;0;-0.06;4.13;302.50;;;;
2011-01-03;0;-1.94;3.88;268.75;;;;
2011-01-04;0.2;-2.19;6.50;218.75;;;;
2011-01-05;0;-3.19;5.25;186.25;;;;
2011-01-06;2.9;-2.78;6.88;176.25;;;;
2011-01-07;0.8;1.18;5.38;220.00;;;;
2011-01-08;0.1;2.61;3.63;163.75;;;;
2011-01-09;0.6;3.43;4.50;206.25;;;;
2011-01-10;0;1.06;6.63;233.75;;;;
2011-01-11;0.4;-0.61;3.50;153.75;;;;
2011-01-12;0.9;1.36;8.13;232.50;;;;
2011-01-13;1.8;0.65;3.75;205.00;;;;
2011-01-14;6.6;0.89;1.75;97.50;;;;
2011-01-15;5.4;0.78;2.63;110.00;;;;
2011-01-16;0.5;3.58;5.00;200.00;;;;
2011-01-17;0.7;4.11;5.00;233.75;;;;
2011-01-18;1.4;3.20;4.50;230.00;;;;
2011-01-19;0.4;1.54;3.63;281.25;;;;
2011-01-20;1.1;-0.19;2.25;295.00;;;;
2011-01-21;0;-0.38;1.75;167.50;;;;
2011-01-22;0.3;0.04;5.75;265.00;;;;
2011-01-23;0;0.44;3.00;176.25;;;;
2011-01-24;0.5;-1.03;3.88;170.00;;;;
2011-01-25;1.9;1.34;4.25;207.50;;;;
2011-01-26;0.3;-0.19;4.00;111.25;;;;
2011-01-27;0;-2.26;3.88;67.50;;;;
2011-01-28;0;-5.34;3.38;218.75;;;;
2011-01-29;0;-2.94;8.50;233.75;;;;
2011-01-30;0;-0.75;3.38;260.00;;;;
2011-01-31;0;-3.40;5.00;227.50;;;;
2011-02-01;0;-1.54;9.25;237.50;;;;
2011-02-02;0.8;0.18;9.00;247.50;;;;
2011-02-03;0;1.91;10.88;242.50;;;;
2011-02-04;26.7;2.41;10.88;232.50;;;;
2011-02-05;0.8;4.73;16.50;258.75;;;;
2011-02-06;10.8;2.80;7.13;246.25;;;;
2011-02-07;1.2;4.24;8.00;228.75;;;;
2011-02-08;0.2;3.84;15.50;251.25;;;;
2011-02-09;0;1.76;5.38;248.75;;;;
2011-02-10;3.2;-0.40;5.13;161.25;;;;
2011-02-11;1.8;2.05;9.38;197.50;;;;
2011-02-12;0;-1.58;5.00;222.50;;;;
2011-02-13;0;-3.15;2.38;60.00;;;;
2011-02-14;0;-6.03;3.88;93.75;;;;
2011-02-15;0;-8.16;4.38;108.75;;;;
2011-02-16;0;-6.15;5.38;113.75;;;;
2011-02-17;1.8;-5.09;4.50;95.00;;;;
2011-02-18;0.1;-4.33;4.75;78.75;;;;
2011-02-19;0;-4.14;6.00;56.25;;;;
2011-02-20;0.2;-5.64;4.75;61.25;;;;
2011-02-21;0;-7.88;2.50;106.25;;;;
2011-02-22;0;-10.71;2.25;131.25;;;;
2011-02-23;0;-9.00;1.88;203.75;;;;
2011-02-24;0;-10.65;1.88;130.00;;;;
2011-02-25;0;-9.43;2.25;180.00;;;;
2011-02-26;0;-4.99;4.13;162.50;;;;
2011-02-27;0;-3.36;4.25;115.00;;;;
2011-02-28;0;-2.43;2.50;96.25;;;;
2011-03-01;0;-3.15;1.50;122.50;;;;
2011-03-02;0;-3.61;2.00;92.50;;;;
2011-03-03;0;-3.35;2.63;222.50;;;;
2011-03-04;0;-1.31;8.00;256.25;;;;
2011-03-05;0;1.19;7.75;277.50;;;;
2011-03-06;0;0.18;3.88;261.25;;;;
2011-03-07;0;-1.44;3.75;216.25;;;;
2011-03-08;0;2.00;4.88;203.75;;;;
2011-03-09;1.2;3.76;7.13;203.75;;;;
2011-03-10;0.5;5.19;7.88;220.00;;;;
2011-03-11;0;3.74;13.25;253.75;;;;
2011-03-12;0;3.88;4.75;206.25;;;;
2011-03-13;0;5.91;2.13;128.75;;;;
2011-03-14;0.6;4.54;1.75;135.00;;;;
2011-03-15;0;0.96;6.75;58.75;;;;
2011-03-16;0;1.00;6.00;86.25;;;;
2011-03-17;0.9;2.94;5.63;101.25;;;;
2011-03-18;0.8;1.89;3.50;185.00;;;;
2011-03-19;0;2.09;5.13;276.25;;;;
2011-03-20;0;1.50;5.63;256.25;;;;
2011-03-21;0;4.55;8.75;243.75;;;;
2011-03-22;0;5.96;11.13;263.75;;;;
2011-03-23;0;4.46;8.13;271.25;;;;
2011-03-24;0;5.24;10.50;267.50;;;;
2011-03-25;7;2.44;5.63;237.50;;;;
2011-03-26;0;-1.79;1.13;128.75;;;;
2011-03-27;0;-1.00;3.50;221.25;;;;
2011-03-28;0.6;1.75;6.50;251.25;;;;
2011-03-29;0;3.03;8.38;241.25;;;;
2011-03-30;0;4.58;3.25;173.75;;;;
2011-03-31;1.8;9.36;3.88;128.75;;;;
2011-04-01;2.7;6.64;8.75;250.00;;;;
2011-04-02;0;7.34;1.63;163.75;;;;
2011-04-03;2.1;13.64;5.88;168.75;;;;
2011-04-04;0.3;7.41;5.00;252.50;;;;
2011-04-05;0.2;7.86;5.38;238.75;;;;
2011-04-06;3.1;8.81;11.38;252.50;;;;
2011-04-07;1.5;8.30;12.75;262.50;;;;
2011-04-08;0.1;5.44;11.13;266.25;;;;
2011-04-09;0;5.51;4.50;296.25;;;;
2011-04-10;0;4.83;3.25;272.50;;;;
2011-04-11;0.1;7.70;5.13;252.50;;;;
2011-04-12;4.7;5.71;5.75;261.25;;;;
2011-04-13;1.1;3.48;3.88;152.50;;;;
2011-04-14;0;2.46;2.13;292.50;;;;
2011-04-15;0;3.84;2.25;212.50;;;;
2011-04-16;0;7.25;5.50;232.50;;;;
2011-04-17;0;7.63;6.88;248.75;;;;
2011-04-18;0;7.64;5.25;245.00;;;;
2011-04-19;0;8.36;3.25;66.25;;;;
2011-04-20;0;7.29;1.88;81.25;;;;
2011-04-21;0;10.06;2.75;100.00;;;;
2011-04-22;0;12.00;3.63;61.25;;;;
2011-04-23;0;8.44;4.63;43.75;;;;
2011-04-24;0;8.56;4.13;38.75;;;;
2011-04-25;0;8.64;4.50;43.75;;;;
2011-04-26;0;10.01;3.88;77.50;;;;
2011-04-27;0;8.85;6.00;47.50;;;;
2011-04-28;0;6.43;5.88;47.50;;;;
2011-04-29;0;6.31;5.38;43.75;;;;
2011-04-30;0;5.15;4.75;37.50;;;;
2011-05-01;0;4.90;5.50;35.00;;;;
2011-05-02;0;4.65;5.63;40.00;;;;
2011-05-03;0.1;3.51;3.00;207.50;;;;
2011-05-04;0;2.90;3.88;250.00;;;;
2011-05-05;0;5.43;4.38;243.75;;;;
2011-05-06;0;9.34;3.63;195.00;;;;
2011-05-07;0;7.01;3.88;61.25;;;;
2011-05-08;0;9.19;4.75;48.75;;;;
2011-05-09;0;13.06;3.38;61.25;;;;
2011-05-10;0;13.61;2.88;55.00;;;;
2011-05-11;0;16.73;3.50;81.25;;;;
2011-05-12;4.7;13.01;2.50;196.25;;;;
2011-05-13;1.3;10.76;7.13;271.25;;;;
2011-05-14;0.5;12.28;4.75;208.75;;;;
2011-05-15;0.2;10.03;4.75;262.50;;;;
2011-05-16;3.5;10.98;8.63;238.75;;;;
2011-05-17;2.4;12.71;10.25;247.50;;;;
2011-05-18;0;13.09;6.38;228.75;;;;
2011-05-19;1.1;15.96;4.13;233.75;;;;
2011-05-20;11.3;11.93;2.63;96.25;;;;
2011-05-21;0;11.74;1.50;167.50;;;;
2011-05-22;6.6;15.14;2.25;171.25;;;;
2011-05-23;0;13.69;5.38;233.75;;;;
2011-05-24;1.7;13.46;7.38;223.75;;;;
2011-05-25;0;11.83;10.50;265.00;;;;
2011-05-26;0;14.80;4.00;173.75;;;;
2011-05-27;0;15.84;5.38;233.75;;;;
2011-05-28;0.2;12.21;6.50;255.00;;;;
2011-05-29;1.1;12.59;4.50;207.50;;;;
2011-05-30;0;16.91;4.00;135.00;;;;
2011-05-31;0;23.53;5.38;155.00;;;;
2011-06-01;0;13.59;3.63;251.25;;;;
2011-06-02;0;13.53;3.13;225.00;;;;
2011-06-03;0;13.74;2.25;221.25;;;;
2011-06-04;0;14.11;2.50;63.75;;;;
2011-06-05;0;20.31;3.25;82.50;;;;
2011-06-06;0;25.53;5.13;136.25;;;;
2011-06-07;12.4;20.73;4.25;181.25;;;;
2011-06-08;1.4;19.73;3.50;81.25;;;;
2011-06-09;11.5;15.25;6.63;235.00;;;;
2011-06-10;0.3;13.00;6.50;276.25;;;;
2011-06-11;0;14.65;5.88;266.25;;;;
2011-06-12;0;14.95;4.75;277.50;;;;
2011-06-13;0;14.83;3.00;192.50;;;;
2011-06-14;0;16.31;5.75;238.75;;;;
2011-06-15;0;14.64;5.13;257.50;;;;
2011-06-16;5.1;14.86;3.50;123.75;;;;
2011-06-17;0;16.06;7.63;226.25;;;;
2011-06-18;2.4;14.50;3.63;147.50;;;;
2011-06-19;6.1;14.84;5.75;235.00;;;;
2011-06-20;0.5;14.61;8.25;250.00;;;;
2011-06-21;0.9;15.70;6.88;241.25;;;;
2011-06-22;2.7;17.59;3.50;181.25;;;;
2011-06-23;0.2;17.45;8.00;237.50;;;;
2011-06-24;0.1;15.16;6.50;257.50;;;;
2011-06-25;0;14.68;8.00;270.00;;;;
2011-06-26;0;15.15;5.63;275.00;;;;
2011-06-27;0;14.88;2.88;253.75;;;;
2011-06-28;0;15.43;2.75;45.00;;;;
2011-06-29;0;17.69;3.63;41.25;;;;
2011-06-30;14.5;16.96;3.25;197.50;;;;
2011-07-01;18.5;15.11;6.13;281.25;;;;
2011-07-02;2.2;15.73;5.75;255.00;;;;
2011-07-03;0;16.03;4.63;116.25;;;;
2011-07-04;0;16.08;4.50;121.25;;;;
2011-07-05;0;16.25;3.13;70.00;;;;
2011-07-06;0;16.49;3.00;180.00;;;;
2011-07-07;0;16.88;2.00;305.00;;;;
2011-07-08;0.3;18.06;2.63;130.00;;;;
2011-07-09;0.4;19.50;4.13;158.75;;;;
2011-07-10;0;18.70;3.38;243.75;;;;
2011-07-11;20.4;15.14;2.63;213.75;;;;
2011-07-12;0;17.79;3.25;253.75;;;;
2011-07-13;9.9;17.69;5.13;62.50;;;;
2011-07-14;0.4;18.11;5.38;162.50;;;;
2011-07-15;0.8;17.33;6.38;206.25;;;;
2011-07-16;1.7;16.14;6.00;246.25;;;;
2011-07-17;0;20.59;4.63;141.25;;;;
2011-07-18;4;18.13;3.63;225.00;;;;
2011-07-19;0;19.29;2.63;102.50;;;;
2011-07-20;14.2;18.00;4.63;53.75;;;;
2011-07-21;2.1;19.28;3.50;41.25;;;;
2011-07-22;0.2;20.90;4.13;118.75;;;;
2011-07-23;2.6;15.41;6.75;201.25;;;;
2011-07-24;0;17.15;5.50;172.50;;;;
2011-07-25;0.4;16.21;1.88;155.00;;;;
2011-07-26;0;16.85;2.00;263.75;;;;
2011-07-27;4.9;16.28;2.25;275.00;;;;
2011-07-28;0.7;17.31;4.63;266.25;;;;
2011-07-29;0.3;17.04;4.00;215.00;;;;
2011-07-30;0;18.09;2.38;112.50;;;;
2011-07-31;0;18.18;2.00;195.00;;;;
2011-08-01;4.1;18.20;2.88;222.50;;;;
2011-08-02;0;17.99;3.88;40.00;;;;
2011-08-03;0;16.04;2.75;92.50;;;;
2011-08-04;0;19.23;3.38;120.00;;;;
2011-08-05;5.4;19.55;4.63;170.00;;;;
2011-08-06;0;19.66;3.38;195.00;;;;
2011-08-07;4.8;19.49;6.75;210.00;;;;
2011-08-08;3.8;16.49;3.00;203.75;;;;
2011-08-09;9.1;15.26;10.25;228.75;;;;
2011-08-10;7.5;15.34;9.75;256.25;;;;
2011-08-11;10.5;13.88;6.25;210.00;;;;
2011-08-12;13.8;16.19;4.38;145.00;;;;
2011-08-13;0;17.15;4.00;63.75;;;;
2011-08-14;9.9;17.24;2.38;110.00;;;;
2011-08-15;0.3;17.93;4.50;223.75;;;;
2011-08-16;0;16.01;4.63;248.75;;;;
2011-08-17;0;15.13;2.63;181.25;;;;
2011-08-18;0;16.41;2.13;211.25;;;;
2011-08-19;9.8;17.61;7.00;195.00;;;;
2011-08-20;0;16.43;11.50;272.50;;;;
2011-08-21;7.4;17.49;3.38;201.25;;;;
2011-08-22;0;17.11;6.00;235.00;;;;
2011-08-23;0;16.64;3.00;246.25;;;;
2011-08-24;2.8;17.66;3.13;121.25;;;;
2011-08-25;0.2;19.01;2.13;140.00;;;;
2011-08-26;0;22.40;3.13;123.75;;;;
2011-08-27;8.8;22.55;7.50;183.75;;;;
2011-08-28;0;15.58;6.50;213.75;;;;
2011-08-29;4.7;14.80;6.38;221.25;;;;
2011-08-30;15.5;13.20;9.63;226.25;;;;
2011-08-31;21.8;13.88;7.13;240.00;;;;
2011-09-01;9.4;13.38;4.88;233.75;;;;
2011-09-02;0;13.51;3.13;245.00;;;;
2011-09-03;0;14.26;2.00;138.75;;;;
2011-09-04;0;18.51;3.75;148.75;;;;
2011-09-05;14.8;18.50;5.00;188.75;;;;
2011-09-06;0;16.24;6.13;227.50;;;;
2011-09-07;6.6;15.19;8.13;215.00;;;;
2011-09-08;26.8;12.48;6.13;237.50;;;;
2011-09-09;0;14.10;6.50;276.25;;;;
2011-09-10;0;13.60;2.75;215.00;;;;
2011-09-11;15.4;19.26;3.00;161.25;;;;
2011-09-12;0;17.34;5.88;220.00;;;;
2011-09-13;0;17.76;10.63;248.75;;;;
2011-09-14;6.9;14.71;12.13;247.50;;;;
2011-09-15;8;13.94;9.38;253.75;;;;
2011-09-16;0;13.06;4.63;266.25;;;;
2011-09-17;1.8;12.00;3.00;160.00;;;;
2011-09-18;5.4;15.65;2.75;136.25;;;;
2011-09-19;0.4;13.96;2.50;211.25;;;;
2011-09-20;0;13.90;3.00;208.75;;;;
2011-09-21;0;14.46;2.13;198.75;;;;
2011-09-22;0.7;13.65;5.75;233.75;;;;
2011-09-23;5;13.16;6.13;260.00;;;;
2011-09-24;0;13.60;3.63;257.50;;;;
2011-09-25;0;13.29;1.38;178.75;;;;
2011-09-26;0;14.46;1.50;198.75;;;;
2011-09-27;0;14.80;3.38;271.25;;;;
2011-09-28;0;14.38;5.25;267.50;;;;
2011-09-29;0;15.35;3.63;268.75;;;;
2011-09-30;0;15.45;3.25;250.00;;;;
2011-10-01;0;14.40;2.13;286.25;;;;
2011-10-02;0;12.84;1.63;210.00;;;;
2011-10-03;0.2;15.14;5.13;240.00;;;;
2011-10-04;0;16.46;7.50;253.75;;;;
2011-10-05;0.5;14.43;7.38;256.25;;;;
2011-10-06;8.1;15.06;7.88;230.00;;;;
2011-10-07;6.1;10.50;6.63;232.50;;;;
2011-10-08;13.5;8.44;3.88;200.00;;;;
2011-10-09;0.5;10.26;3.38;170.00;;;;
2011-10-10;4.2;10.29;6.88;221.25;;;;
2011-10-11;1.6;11.94;6.50;270.00;;;;
2011-10-12;0;11.66;5.88;285.00;;;;
2011-10-13;0;9.29;4.00;270.00;;;;
2011-10-14;0;8.88;3.38;187.50;;;;
2011-10-15;0;7.09;1.50;287.50;;;;
2011-10-16;0;5.26;2.25;206.25;;;;
2011-10-17;0;6.31;3.38;188.75;;;;
2011-10-18;1.9;8.14;5.63;200.00;;;;
2011-10-19;3.2;8.70;7.88;228.75;;;;
2011-10-20;10.6;6.78;7.63;230.00;;;;
2011-10-21;0.6;7.90;4.38;263.75;;;;
2011-10-22;0;6.89;2.63;190.00;;;;
2011-10-23;0;4.74;2.25;137.50;;;;
2011-10-24;0;7.24;3.38;127.50;;;;
2011-10-25;0;7.41;4.75;116.25;;;;
2011-10-26;2.2;7.91;3.88;126.25;;;;
2011-10-27;0.5;9.95;1.88;142.50;;;;
2011-10-28;0;8.94;2.38;197.50;;;;
2011-10-29;0;9.54;1.13;176.25;;;;
2011-10-30;2.7;10.15;3.50;206.25;;;;
2011-10-31;0.1;10.75;2.88;230.00;;;;
2011-11-01;0;11.56;2.00;140.00;;;;
2011-11-02;0;8.98;2.25;185.00;;;;
2011-11-03;0;6.89;2.50;145.00;;;;
2011-11-04;0;6.89;1.88;157.50;;;;
2011-11-05;0;7.58;2.63;95.00;;;;
2011-11-06;0;8.99;3.38;135.00;;;;
2011-11-07;0;5.63;2.13;140.00;;;;
2011-11-08;0;4.86;2.75;108.75;;;;
2011-11-09;0;6.51;2.63;106.25;;;;
2011-11-10;0;1.36;1.38;57.50;;;;
2011-11-11;0;0.54;2.13;111.25;;;;
2011-11-12;0;0.66;1.38;106.25;;;;
2011-11-13;0;-1.13;2.88;190.00;;;;
2011-11-14;0;2.84;2.25;228.75;;;;
2011-11-15;0.6;4.59;1.88;175.00;;;;
2011-11-16;0.3;4.36;1.63;192.50;;;;
2011-11-17;0;0.74;3.00;218.75;;;;
2011-11-18;0;1.63;5.38;230.00;;;;
2011-11-19;2.9;4.54;5.75;237.50;;;;
2011-11-20;0.5;5.81;3.38;246.25;;;;
2011-11-21;0;6.08;1.88;248.75;;;;
2011-11-22;0;5.51;1.63;170.00;;;;
2011-11-23;0;2.56;3.50;181.25;;;;
2011-11-24;0;2.73;5.00;213.75;;;;
2011-11-25;0.2;7.04;6.13;223.75;;;;
2011-11-26;2.3;6.91;9.63;252.50;;;;
2011-11-27;0.1;8.48;13.88;246.25;;;;
2011-11-28;0;7.50;7.75;275.00;;;;
2011-11-29;0;3.85;4.63;206.25;;;;
2011-11-30;0;4.96;6.38;238.75;;;;
2011-12-01;0.2;4.33;5.50;200.00;;;;
2011-12-02;4.4;6.96;6.00;232.50;;;;
2011-12-03;3.3;5.13;7.25;213.75;;;;
2011-12-04;3.9;5.08;9.25;237.50;;;;
2011-12-05;8.4;4.20;8.63;237.50;;;;
2011-12-06;3.9;2.50;8.00;227.50;;;;
2011-12-07;0.9;2.45;5.75;196.25;;;;
2011-12-08;7.2;2.63;3.63;235.00;;;;
2011-12-09;0.5;4.51;9.75;217.50;;;;
2011-12-10;3.4;2.83;10.13;233.75;;;;
2011-12-11;0;3.61;8.25;233.75;;;;
2011-12-12;0.4;1.94;4.38;183.75;;;;
2011-12-13;3.3;4.30;7.63;208.75;;;;
2011-12-14;0.9;5.85;5.50;195.00;;;;
2011-12-15;0;3.93;6.25;212.50;;;;
2011-12-16;5.6;3.13;5.25;146.25;;;;
2011-12-17;0.7;3.20;5.25;235.00;;;;
2011-12-18;10.6;3.55;8.25;263.75;;;;
2011-12-19;2.3;2.50;9.38;231.25;;;;
2011-12-20;0;0.94;3.25;182.50;;;;
2011-12-21;0;-2.18;1.38;106.25;;;;
2011-12-22;0;-3.76;2.38;200.00;;;;
2011-12-23;1.6;0.90;3.50;192.50;;;;
2011-12-24;2.8;4.39;3.25;241.25;;;;
2011-12-25;0.5;4.15;6.13;246.25;;;;
2011-12-26;0.2;7.18;11.00;251.25;;;;
2011-12-27;0.2;7.39;10.38;258.75;;;;
2011-12-28;0;4.89;5.63;226.25;;;;
2011-12-29;0.1;5.76;10.25;233.75;;;;
2011-12-30;1.5;3.16;3.38;236.25;;;;
2011-12-31;0;1.30;2.00;175.00;;;;
2012-01-01;5.6;0.68;3.50;181.25;;;;
2012-01-02;1;6.45;4.75;226.25;;;;
2012-01-03;7.6;4.48;7.25;221.25;;;;
2012-01-04;2.5;5.64;13.63;242.50;;;;
2012-01-05;6.5;3.81;8.63;213.75;;;;
2012-01-06;3.6;3.26;4.25;210.00;;;;
2012-01-07;4;2.63;6.13;227.50;;;;
2012-01-08;1.8;4.38;4.25;301.25;;;;
2012-01-09;1;1.13;2.63;280.00;;;;
2012-01-10;0.2;1.54;2.88;200.00;;;;
2012-01-11;1.2;4.73;7.13;251.25;;;;
2012-01-12;3.6;5.84;10.50;253.75;;;;
2012-01-13;0;3.69;6.38;295.00;;;;
2012-01-14;1.4;1.59;5.88;350.00;;;;
2012-01-15;0.7;1.31;4.88;187.50;;;;
2012-01-16;2.9;0.75;2.13;266.25;;;;
2012-01-17;0.7;0.02;1.63;168.75;;;;
2012-01-18;1;1.95;4.25;246.25;;;;
2012-01-19;7.8;2.60;5.50;238.75;;;;
2012-01-20;4.8;2.06;3.25;288.75;;;;
2012-01-21;5.6;0.86;4.38;210.00;;;;
2012-01-22;3.4;1.75;4.63;232.50;;;;
2012-01-23;2.1;2.53;2.75;271.25;;;;
2012-01-24;5.9;0.86;2.00;205.00;;;;
2012-01-25;4.1;0.50;2.75;50.00;;;;
2012-01-26;0;-1.74;2.75;103.75;;;;
2012-01-27;0;-8.00;3.13;123.75;;;;
2012-01-28;0;-10.10;3.63;112.50;;;;
2012-01-29;0;-7.46;4.00;101.25;;;;
2012-01-30;0;-8.76;2.13;90.00;;;;
2012-01-31;0;-9.19;2.38;78.75;;;;
2012-02-01;0.3;-9.03;3.25;93.75;;;;
2012-02-02;0.2;-11.38;2.25;168.75;;;;
2012-02-03;2.4;-12.88;3.25;163.75;;;;
2012-02-04;0.3;-10.38;3.13;176.25;;;;
2012-02-05;0;-16.58;1.38;186.25;;;;
2012-02-06;0.3;-16.18;1.38;158.75;;;;
2012-02-07;0.1;-5.39;5.25;93.75;;;;
2012-02-08;4;-6.44;2.00;205.00;;;;
2012-02-09;0;-5.08;4.63;103.75;;;;
2012-02-10;0;-8.39;2.25;133.75;;;;
2012-02-11;0.5;-8.98;2.00;232.50;;;;
2012-02-12;0.6;-6.35;5.38;232.50;;;;
2012-02-13;0;-1.86;3.75;250.00;;;;
2012-02-14;2.6;-2.70;4.38;226.25;;;;
2012-02-15;0.2;-1.04;5.13;88.75;;;;
2012-02-16;2.2;-0.55;2.75;142.50;;;;
2012-02-17;0.8;0.64;4.25;248.75;;;;
2012-02-18;3.3;1.01;5.00;218.75;;;;
2012-02-19;1.6;2.43;7.13;230.00;;;;
2012-02-20;0.5;1.18;5.88;257.50;;;;
2012-02-21;1.4;1.26;9.63;243.75;;;;
2012-02-22;8.1;3.35;7.88;243.75;;;;
2012-02-23;2.4;4.01;10.75;256.25;;;;
2012-02-24;0;4.21;11.25;263.75;;;;
2012-02-25;0;3.44;9.50;275.00;;;;
2012-02-26;0;0.88;3.25;297.50;;;;
2012-02-27;1.4;0.28;1.88;268.75;;;;
2012-02-28;8.5;2.05;5.13;236.25;;;;
2012-02-29;0.3;2.55;2.88;262.50;;;;
2012-03-01;0.1;3.41;5.75;252.50;;;;
2012-03-02;0;3.48;4.13;300.00;;;;
2012-03-03;0;2.05;3.13;71.25;;;;
2012-03-04;0;-1.08;2.38;83.75;;;;
2012-03-05;0;-1.50;2.63;65.00;;;;
2012-03-06;0;-1.75;2.38;73.75;;;;
2012-03-07;0;-3.44;2.88;148.75;;;;
2012-03-08;0;-0.23;3.13;192.50;;;;
2012-03-09;1.3;2.66;3.88;255.00;;;;
2012-03-10;3.1;4.66;7.88;250.00;;;;
2012-03-11;0;3.46;5.13;283.75;;;;
2012-03-12;0;4.73;4.63;267.50;;;;
2012-03-13;0;3.96;7.13;247.50;;;;
2012-03-14;0.2;1.81;2.63;210.00;;;;
2012-03-15;0;2.59;4.88;240.00;;;;
2012-03-16;0;5.96;3.38;213.75;;;;
2012-03-17;0;4.96;4.38;257.50;;;;
2012-03-18;1.8;6.55;2.13;185.00;;;;
2012-03-19;0;4.76;9.88;265.00;;;;
2012-03-20;0.3;4.89;10.63;261.25;;;;
2012-03-21;0;5.74;9.50;258.75;;;;
2012-03-22;0;6.80;5.13;255.00;;;;
2012-03-23;0;3.70;3.00;216.25;;;;
2012-03-24;0;3.74;1.88;218.75;;;;
2012-03-25;0;3.63;4.25;191.25;;;;
2012-03-26;0;4.39;4.75;245.00;;;;
2012-03-27;0;6.18;3.63;273.75;;;;
2012-03-28;0;7.69;8.00;247.50;;;;
2012-03-29;2;5.41;4.88;281.25;;;;
2012-03-30;3.2;5.46;4.25;280.00;;;;
2012-03-31;3.6;2.70;4.25;176.25;;;;
2012-04-01;10;3.33;7.38;295.00;;;;
2012-04-02;0.5;3.08;5.75;282.50;;;;
2012-04-03;1.2;2.61;3.13;142.50;;;;
2012-04-04;0;1.99;7.25;67.50;;;;
2012-04-05;0;1.55;2.00;48.75;;;;
2012-04-06;0.8;1.98;3.13;222.50;;;;
2012-04-07;11.3;1.39;3.00;187.50;;;;
2012-04-08;0;1.64;4.25;268.75;;;;
2012-04-09;0;4.10;4.25;186.25;;;;
2012-04-10;0;9.68;6.25;173.75;;;;
2012-04-11;0;12.23;3.38;180.00;;;;
2012-04-12;3.4;5.25;1.75;217.50;;;;
2012-04-13;0;5.51;4.75;265.00;;;;
2012-04-14;0;4.55;3.38;262.50;;;;
2012-04-15;0.3;2.75;3.63;51.25;;;;
2012-04-16;0;5.05;4.38;322.50;;;;
2012-04-17;0;4.54;6.00;228.75;;;;
2012-04-18;0;6.66;3.88;133.75;;;;
2012-04-19;1.1;9.08;4.25;78.75;;;;
2012-04-20;0.7;4.91;2.88;188.75;;;;
2012-04-21;2.5;9.49;1.75;123.75;;;;
2012-04-22;0;8.43;2.00;131.25;;;;
2012-04-23;1;7.31;2.50;157.50;;;;
2012-04-24;3.1;11.36;3.75;77.50;;;;
2012-04-25;1;10.60;5.75;173.75;;;;
2012-04-26;0.2;14.09;4.75;183.75;;;;
2012-04-27;0;13.35;2.38;167.50;;;;
2012-04-28;0;13.79;2.13;32.50;;;;
2012-04-29;0;8.34;6.63;55.00;;;;
2012-04-30;0;8.73;4.50;45.00;;;;
2012-05-01;0;8.16;6.00;55.00;;;;
2012-05-02;0;7.96;4.00;53.75;;;;
2012-05-03;2.2;10.59;2.13;62.50;;;;
2012-05-04;0;12.08;2.50;157.50;;;;
2012-05-05;5;9.40;3.88;262.50;;;;
2012-05-06;8.8;5.18;2.63;178.75;;;;
2012-05-07;0;6.58;3.25;253.75;;;;
2012-05-08;0;9.59;3.13;140.00;;;;
2012-05-09;0;16.19;5.00;163.75;;;;
2012-05-10;1.2;18.45;3.25;217.50;;;;
2012-05-11;5;18.81;6.13;247.50;;;;
2012-05-12;1.1;9.18;9.88;266.25;;;;
2012-05-13;0;8.55;3.13;278.75;;;;
2012-05-14;0;9.05;2.75;140.00;;;;
2012-05-15;0;12.84;3.38;137.50;;;;
2012-05-16;0;10.21;3.38;235.00;;;;
2012-05-17;0;8.68;7.50;267.50;;;;
2012-05-18;0;10.36;4.38;192.50;;;;
2012-05-19;0;15.24;3.88;148.75;;;;
2012-05-20;0;18.78;4.13;112.50;;;;
2012-05-21;0;22.19;3.13;101.25;;;;
2012-05-22;0;18.39;3.50;42.50;;;;
2012-05-23;0;12.85;5.38;55.00;;;;
2012-05-24;0;11.18;5.00;47.50;;;;
2012-05-25;0;11.04;3.25;48.75;;;;
2012-05-26;0;10.64;2.25;31.25;;;;
2012-05-27;0;11.13;2.38;30.00;;;;
2012-05-28;0;14.08;5.88;231.25;;;;
2012-05-29;0;10.55;2.88;163.75;;;;
2012-05-30;0;9.21;2.75;193.75;;;;
2012-05-31;0.2;10.16;3.38;227.50;;;;
2012-06-01;2.8;9.86;5.63;217.50;;;;
2012-06-02;0;9.61;7.13;275.00;;;;
2012-06-03;0;9.84;6.00;245.00;;;;
2012-06-04;0;10.23;3.50;227.50;;;;
2012-06-05;0;10.61;3.63;235.00;;;;
2012-06-06;0;10.20;2.88;181.25;;;;
2012-06-07;0;13.48;2.25;135.00;;;;
2012-06-08;4.9;16.23;2.75;143.75;;;;
2012-06-09;6.5;14.61;1.88;225.00;;;;
2012-06-10;0;13.98;1.88;192.50;;;;
2012-06-11;0;13.83;1.88;78.75;;;;
2012-06-12;0;14.29;2.88;132.50;;;;
2012-06-13;0;14.61;3.00;116.25;;;;
2012-06-14;2.5;12.75;2.63;266.25;;;;
2012-06-15;0;13.88;3.00;212.50;;;;
2012-06-16;2.8;17.68;3.88;181.25;;;;
2012-06-17;0.3;16.89;6.00;237.50;;;;
2012-06-18;14.3;20.04;3.25;116.25;;;;
2012-06-19;0;14.76;5.00;238.75;;;;
2012-06-20;0.1;13.88;2.38;48.75;;;;
2012-06-21;0.6;14.81;4.63;55.00;;;;
2012-06-22;0;14.91;3.75;143.75;;;;
2012-06-23;0;16.85;4.50;263.75;;;;
2012-06-24;8.6;16.44;3.00;176.25;;;;
2012-06-25;9.5;14.33;10.13;245.00;;;;
2012-06-26;0;13.54;8.88;268.75;;;;
2012-06-27;0;13.24;6.00;270.00;;;;
2012-06-28;0;14.13;2.75;196.25;;;;
2012-06-29;0.4;19.30;3.13;123.75;;;;
2012-06-30;4.9;19.21;3.38;202.50;;;;
2012-07-01;1.5;18.73;2.50;167.50;;;;
2012-07-02;6.1;16.03;2.88;228.75;;;;
2012-07-03;0;15.50;4.13;67.50;;;;
2012-07-04;0;15.74;3.25;50.00;;;;
2012-07-05;2.7;16.48;2.25;52.50;;;;
2012-07-06;2.4;19.63;2.63;82.50;;;;
2012-07-07;23.6;18.46;3.25;151.25;;;;
2012-07-08;0.1;18.46;3.50;190.00;;;;
2012-07-09;0;19.10;4.63;232.50;;;;
2012-07-10;0;17.81;5.25;217.50;;;;
2012-07-11;3.9;18.00;2.63;182.50;;;;
2012-07-12;10.4;14.66;4.13;232.50;;;;
2012-07-13;1.4;14.95;5.63;251.25;;;;
2012-07-14;31.3;15.91;5.63;187.50;;;;
2012-07-15;0;15.99;9.75;257.50;;;;
2012-07-16;0;15.49;8.88;267.50;;;;
2012-07-17;5.3;14.25;6.00;251.25;;;;
2012-07-18;7.4;15.29;7.50;260.00;;;;
2012-07-19;42.3;15.34;5.00;227.50;;;;
2012-07-20;3.4;15.66;8.63;252.50;;;;
2012-07-21;0.5;14.56;6.13;250.00;;;;
2012-07-22;0;14.95;3.75;256.25;;;;
2012-07-23;0;16.34;4.50;237.50;;;;
2012-07-24;0;19.00;2.50;140.00;;;;
2012-07-25;0;22.58;2.00;132.50;;;;
2012-07-26;0;19.65;2.25;88.75;;;;
2012-07-27;0;19.10;2.75;88.75;;;;
2012-07-28;2.1;23.90;3.13;192.50;;;;
2012-07-29;28.5;18.23;4.00;167.50;;;;
2012-07-30;0.4;17.30;4.13;248.75;;;;
2012-07-31;15;15.89;4.63;216.25;;;;
2012-08-01;0;16.35;3.00;143.75;;;;
2012-08-02;0.1;22.20;4.25;133.75;;;;
2012-08-03;0.8;18.91;2.75;225.00;;;;
2012-08-04;0.5;17.60;2.63;162.50;;;;
2012-08-05;12;18.26;3.50;142.50;;;;
2012-08-06;16.3;18.71;2.38;223.75;;;;
2012-08-07;7.3;18.13;6.63;246.25;;;;
2012-08-08;0.1;16.06;6.13;256.25;;;;
2012-08-09;0.1;16.14;4.25;271.25;;;;
2012-08-10;0.9;16.19;2.38;288.75;;;;
2012-08-11;0;16.35;3.63;81.25;;;;
2012-08-12;0.5;15.03;2.88;67.50;;;;
2012-08-13;0;14.88;2.63;55.00;;;;
2012-08-14;0;17.26;3.63;33.75;;;;
2012-08-15;0;17.58;3.13;30.00;;;;
2012-08-16;0;17.30;1.63;165.00;;;;
2012-08-17;0;17.31;1.63;296.25;;;;
2012-08-18;0;17.93;2.00;236.25;;;;
2012-08-19;0;21.68;2.75;230.00;;;;
2012-08-20;0.1;21.00;2.13;136.25;;;;
2012-08-21;0;19.08;4.00;255.00;;;;
2012-08-22;13;17.45;5.38;223.75;;;;
2012-08-23;0;17.31;6.88;251.25;;;;
2012-08-24;4.1;15.46;1.50;132.50;;;;
2012-08-25;15.1;16.00;1.13;188.75;;;;
2012-08-26;3.4;17.31;2.38;170.00;;;;
2012-08-27;0.9;16.36;4.63;272.50;;;;
2012-08-28;0.1;15.00;2.13;181.25;;;;
2012-08-29;0;18.04;2.00;137.50;;;;
2012-08-30;7.3;19.30;3.13;148.75;;;;
2012-08-31;13.5;16.34;1.63;135.00;;;;
2012-09-01;0;17.15;3.63;276.25;;;;
2012-09-02;0;15.65;3.88;237.50;;;;
2012-09-03;0;16.14;4.38;243.75;;;;
2012-09-04;0.1;15.78;4.63;233.75;;;;
2012-09-05;0;16.99;7.13;272.50;;;;
2012-09-06;10.2;15.75;6.75;290.00;;;;
2012-09-07;4.2;14.49;8.88;257.50;;;;
2012-09-08;1.2;15.56;8.75;278.75;;;;
2012-09-09;0;14.99;2.88;235.00;;;;
2012-09-10;0;18.36;4.25;173.75;;;;
2012-09-11;23.9;20.06;3.13;195.00;;;;
2012-09-12;1.1;14.75;3.75;271.25;;;;
2012-09-13;0;12.69;3.38;223.75;;;;
2012-09-14;11.9;12.96;6.38;193.75;;;;
2012-09-15;1.8;14.51;8.13;260.00;;;;
2012-09-16;0;14.46;4.75;221.25;;;;
2012-09-17;0;15.48;4.63;202.50;;;;
2012-09-18;8;17.05;3.25;192.50;;;;
2012-09-19;7.6;13.45;5.75;277.50;;;;
2012-09-20;0;10.56;6.38;223.75;;;;
2012-09-21;0.3;10.95;3.88;196.25;;;;
2012-09-22;9.4;10.66;5.25;185.00;;;;
2012-09-23;9;11.80;7.75;277.50;;;;
2012-09-24;4.1;10.78;3.13;122.50;;;;
2012-09-25;0;12.83;2.75;111.25;;;;
2012-09-26;0;16.59;3.25;145.00;;;;
2012-09-27;8;13.18;2.88;265.00;;;;
2012-09-28;2.7;12.10;7.25;223.75;;;;
2012-09-29;8.8;12.96;5.00;210.00;;;;
2012-09-30;7.5;11.76;8.75;238.75;;;;
2012-10-01;0;11.16;2.75;166.25;;;;
2012-10-02;0;11.58;2.13;171.25;;;;
2012-10-03;0;12.54;2.38;185.00;;;;
2012-10-04;5.5;12.96;4.75;196.25;;;;
2012-10-05;9.5;11.43;9.25;241.25;;;;
2012-10-06;12;11.08;7.63;253.75;;;;
2012-10-07;6.8;10.34;8.63;252.50;;;;
2012-10-08;7;11.71;8.50;272.50;;;;
2012-10-09;5.8;8.60;9.88;267.50;;;;
2012-10-10;4;8.78;4.75;270.00;;;;
2012-10-11;0;8.20;2.63;318.75;;;;
2012-10-12;3.4;5.69;2.50;160.00;;;;
2012-10-13;3.4;7.41;4.88;185.00;;;;
2012-10-14;0;7.26;3.75;156.25;;;;
2012-10-15;1.5;10.48;4.38;155.00;;;;
2012-10-16;0;8.01;3.25;187.50;;;;
2012-10-17;0;8.78;3.63;201.25;;;;
2012-10-18;0;13.51;4.50;178.75;;;;
2012-10-19;0;13.98;4.13;195.00;;;;
2012-10-20;0;13.95;2.75;192.50;;;;
2012-10-21;0;10.89;1.75;192.50;;;;
2012-10-22;0;11.41;3.38;53.75;;;;
2012-10-23;0;9.78;2.38;47.50;;;;
2012-10-24;0;9.20;3.75;236.25;;;;
2012-10-25;7.4;8.50;8.00;270.00;;;;
2012-10-26;7.1;4.93;7.75;272.50;;;;
2012-10-27;2.5;2.85;3.00;142.50;;;;
2012-10-28;0.9;4.75;2.50;232.50;;;;
2012-10-29;0;0.49;2.88;191.25;;;;
2012-10-30;0.5;0.84;4.75;191.25;;;;
2012-10-31;0;3.36;4.63;187.50;;;;
2012-11-01;0;5.36;5.38;134.75;;;;
2012-11-02;0.1;6.45;4.00;202.63;;;;
2012-11-03;7.5;4.49;3.25;186.75;;;;
2012-11-04;6;5.39;3.00;160.63;;;;
2012-11-05;12.1;6.93;4.63;211.50;;;;
2012-11-06;7.8;6.23;5.13;251.00;;;;
2012-11-07;5.7;7.59;7.75;271.13;;;;
2012-11-08;6.7;7.99;8.38;261.50;;;;
2012-11-09;1.3;8.40;3.38;259.38;;;;
2012-11-10;1.1;7.86;3.75;174.50;;;;
2012-11-11;0;8.21;3.38;219.63;;;;
2012-11-12;4.4;7.10;6.38;246.00;;;;
2012-11-13;0;6.34;4.00;250.00;;;;
2012-11-14;0.09;4.21;3.88;219.38;;;;
2012-11-15;0.09;2.70;4.38;228.50;;;;
2012-11-16;0.09;4.54;2.00;181.88;;;;
2012-11-17;0.09;3.91;2.88;162.38;;;;
2012-11-18;0.7;3.45;3.63;198.38;;;;
2012-11-19;0.09;3.55;1.88;231.25;;;;
2012-11-20;0.09;5.36;3.00;197.50;;;;
2012-11-21;0.09;4.10;3.25;152.13;;;;
2012-11-22;0.5;5.74;3.88;209.00;;;;
2012-11-23;1.1;5.64;2.88;187.88;;;;
2012-11-24;1.2;6.14;2.38;248.88;;;;
2012-11-25;1.6;4.66;3.00;128.63;;;;
2012-11-26;2.4;6.08;3.50;215.75;;;;
2012-11-27;0.3;6.13;2.63;194.25;;;;
2012-11-28;2.8;4.56;1.50;185.75;;;;
2012-11-29;12.1;5.34;3.88;72.88;;;;
2012-11-30;5.7;2.91;4.00;195.75;;;;
2012-12-01;3.2;0.99;4.50;248.63;;;;
2012-12-02;0;0.60;2.63;200.13;;;;
2012-12-03;0;-0.46;2.13;175.88;;;;
2012-12-04;2.6;-0.24;5.63;194.38;;;;
2012-12-05;1.5;0.84;4.63;256.38;;;;
2012-12-06;0.1;-3.54;3.63;208.75;;;;
2012-12-07;1.2;-2.23;3.25;233.25;;;;
2012-12-08;1.8;-4.29;3.13;187.25;;;;
2012-12-09;1.6;-5.35;3.63;178.00;;;;
2012-12-10;3.4;-4.53;3.00;190.25;;;;
2012-12-11;5.6;-1.94;2.25;231.38;;;;
2012-12-12;3.9;-0.80;3.25;270.75;;;;
2012-12-13;0.8;-4.69;3.38;239.50;;;;
2012-12-14;0.09;-6.93;3.00;122.13;;;;
2012-12-15;3.9;-0.51;4.75;153.88;;;;
2012-12-16;0.4;1.21;1.25;175.75;;;;
2012-12-17;1.9;1.58;2.38;161.00;;;;
2012-12-18;0.09;-0.19;2.00;104.75;;;;
2012-12-19;0.3;-0.48;1.38;196.50;;;;
2012-12-20;0.09;-0.54;1.00;161.38;;;;
2012-12-21;0;-3.64;2.75;115.75;;;;
2012-12-22;0.09;-7.04;3.38;111.38;;;;
2012-12-23;1.6;-9.24;4.38;120.13;;;;
2012-12-24;0;0.85;5.13;227.25;;;;
2012-12-25;5.7;4.13;4.63;238.50;;;;
2012-12-26;0.6;4.29;6.25;230.00;;;;
2012-12-27;3.1;3.90;6.88;237.88;;;;
2012-12-28;0;1.18;5.75;279.00;;;;
2012-12-29;0.1;1.20;4.25;202.38;;;;
2012-12-30;0.2;3.74;4.75;213.38;;;;
2012-12-31;6.9;5.18;7.75;232.88;;;;
2013-01-01;1.4;4.61;5.50;226.50;;;;
2013-01-02;1.3;3.09;5.38;252.63;;;;
2013-01-03;3.4;4.54;8.88;262.63;;;;
2013-01-04;0.09;4.89;4.88;287.50;;;;
2013-01-05;0;2.91;2.50;138.38;;;;
2013-01-06;4.3;1.93;2.38;162.38;;;;
2013-01-07;0.09;-0.55;1.63;174.00;;;;
2013-01-08;2.6;-2.24;3.25;202.38;;;;
2013-01-09;10;1.13;2.50;203.88;;;;
2013-01-10;5.9;1.91;4.25;109.75;;;;
2013-01-11;1.5;-0.30;4.13;69.88;;;;
2013-01-12;0;-2.20;5.13;64.50;;;;
2013-01-13;0.09;-2.20;2.88;99.25;;;;
2013-01-14;1.5;-3.83;3.75;129.38;;;;
2013-01-15;0;-5.14;2.88;201.88;;;;
2013-01-16;1.3;-2.54;2.13;74.63;;;;
2013-01-17;0;-0.90;5.38;68.63;;;;
2013-01-18;0.2;-2.05;4.38;81.75;;;;
2013-01-19;0.2;-4.40;2.50;137.88;;;;
2013-01-20;0;-2.81;3.88;67.00;;;;
2013-01-21;0;-5.30;4.38;102.13;;;;
2013-01-22;0.09;-5.49;5.75;92.38;;;;
2013-01-23;0.09;-4.05;3.38;88.63;;;;
2013-01-24;0.2;-3.28;1.25;121.38;;;;
2013-01-25;0.09;-6.01;0.88;139.63;;;;
2013-01-26;0.09;-9.45;3.75;196.63;;;;
2013-01-27;1.4;-6.35;4.88;193.00;;;;
2013-01-28;0;-0.36;4.25;221.13;;;;
2013-01-29;3.8;2.15;4.38;207.88;;;;
2013-01-30;9.7;4.35;6.25;236.38;;;;
2013-01-31;1.7;3.40;12.88;263.38;;;;
2013-02-01;1.6;1.83;3.13;258.25;;;;
2013-02-02;3.4;1.58;2.13;104.13;;;;
2013-02-03;0;0.16;4.25;259.75;;;;
2013-02-04;2.5;1.19;6.00;219.63;;;;
2013-02-05;3.5;2.46;7.25;240.13;;;;
2013-02-06;1.1;0.81;5.88;228.88;;;;
2013-02-07;2.5;0.05;2.13;160.00;;;;
2013-02-08;2.1;0.11;1.38;205.63;;;;
2013-02-09;0.3;-0.53;2.63;244.38;;;;
2013-02-10;0.09;-2.91;2.25;201.50;;;;
2013-02-11;0.5;-2.74;2.75;58.88;;;;
2013-02-12;0.3;-1.59;1.88;118.00;;;;
2013-02-13;1.5;-0.60;2.25;108.13;;;;
2013-02-14;0.09;0.24;0.88;72.88;;;;
2013-02-15;0.09;1.13;2.25;100.50;;;;
2013-02-16;0.09;0.06;2.00;88.63;;;;
2013-02-17;0;-1.94;2.88;154.25;;;;
2013-02-18;10.6;-0.10;5.50;250.38;;;;
2013-02-19;0.8;0.48;5.38;80.25;;;;
2013-02-20;0.5;-1.48;8.00;63.88;;;;
2013-02-21;0;-2.59;5.50;76.13;;;;
2013-02-22;0.09;-2.79;2.38;94.75;;;;
2013-02-23;0;-0.86;5.88;87.00;;;;
2013-02-24;0.09;1.14;5.25;95.38;;;;
2013-02-25;0.09;1.06;4.13;87.25;;;;
2013-02-26;0;1.44;2.13;63.38;;;;
2013-02-27;0.09;0.70;3.25;196.25;;;;
2013-02-28;0;0.29;8.88;255.13;;;;
2013-03-01;0.09;2.76;4.13;301.75;;;;
2013-03-02;0.2;1.24;7.25;267.00;;;;
2013-03-03;0.09;2.63;5.13;291.00;;;;
2013-03-04;0.09;0.55;2.50;210.75;;;;
2013-03-05;0.09;3.85;2.50;204.50;;;;
2013-03-06;0.09;2.94;2.13;167.50;;;;
2013-03-07;0.09;1.64;8.50;79.38;;;;
2013-03-08;0.09;-0.30;7.00;96.38;;;;
2013-03-09;0.09;-1.89;6.13;86.88;;;;
2013-03-10;0.2;-3.95;8.38;90.13;;;;
2013-03-11;0;-4.01;6.25;83.50;;;;
2013-03-12;0;-4.13;2.63;56.38;;;;
2013-03-13;1.2;-6.08;1.88;181.25;;;;
2013-03-14;0.5;-2.80;2.13;172.63;;;;
2013-03-15;0;-1.94;3.50;93.25;;;;
2013-03-16;0.09;-2.05;2.38;98.00;;;;
2013-03-17;0.09;-2.56;3.75;131.63;;;;
2013-03-18;0;-1.06;6.38;106.25;;;;
2013-03-19;3.6;-2.33;7.38;90.00;;;;
2013-03-20;1.7;-2.25;3.13;84.13;;;;
2013-03-21;0.4;-2.16;4.25;80.50;;;;
2013-03-22;0;-3.35;7.38;76.13;;;;
2013-03-23;0.3;-4.61;3.88;91.25;;;;
2013-03-24;0.5;-2.64;3.13;128.00;;;;
2013-03-25;0.09;-0.71;3.88;79.63;;;;
2013-03-26;0.09;-0.31;4.50;75.88;;;;
2013-03-27;0.09;-0.28;4.00;80.88;;;;
2013-03-28;0;0.48;4.13;105.13;;;;
2013-03-29;5.3;0.31;3.88;106.13;;;;
2013-03-30;0.5;-0.30;1.63;66.88;;;;
2013-03-31;0.1;-0.01;3.38;88.25;;;;
2013-04-01;0;0.94;4.88;40.38;;;;
2013-04-02;0.09;0.56;2.63;29.88;;;;
2013-04-03;0;-0.54;4.25;62.13;;;;
2013-04-04;1.2;0.58;5.50;75.75;;;;
2013-04-05;0;1.20;5.13;60.25;;;;
2013-04-06;0.09;1.31;3.00;106.38;;;;
2013-04-07;2.3;0.68;5.75;243.25;;;;
2013-04-08;0.09;1.10;3.13;231.25;;;;
2013-04-09;0.09;0.65;3.25;66.75;;;;
2013-04-10;0.09;2.23;3.88;81.00;;;;
2013-04-11;2.2;4.74;2.75;98.88;;;;
2013-04-12;7.3;7.79;4.00;208.25;;;;
2013-04-13;0;6.10;3.63;267.50;;;;
2013-04-14;0.09;5.63;3.38;215.63;;;;
2013-04-15;0.5;10.99;5.50;188.00;;;;
2013-04-16;3.5;11.95;4.88;193.25;;;;
2013-04-17;0.09;11.00;4.50;243.50;;;;
2013-04-18;0;13.81;6.75;224.00;;;;
2013-04-19;0.09;9.43;9.00;251.25;;;;
2013-04-20;0.09;4.55;4.38;165.50;;;;
2013-04-21;0.09;6.26;4.00;108.00;;;;
2013-04-22;0.09;11.16;4.88;193.25;;;;
2013-04-23;0;10.38;9.38;254.50;;;;
2013-04-24;0;10.04;9.00;263.88;;;;
2013-04-25;0;8.10;5.50;274.38;;;;
2013-04-26;10.1;9.78;4.13;189.88;;;;
2013-04-27;0.09;4.95;4.00;52.00;;;;
2013-04-28;0.09;4.95;2.88;232.38;;;;
2013-04-29;0;8.15;6.38;219.50;;;;
2013-04-30;0.09;9.09;8.75;257.75;;;;
2013-05-01;0.09;6.18;2.75;242.75;;;;
2013-05-02;0.09;4.78;2.25;44.75;;;;
2013-05-03;0.09;5.33;4.13;90.00;;;;
2013-05-04;0.09;7.95;1.88;86.75;;;;
2013-05-05;0.09;11.44;6.50;259.63;;;;
2013-05-06;0.09;10.54;3.38;159.38;;;;
2013-05-07;0.09;14.51;4.63;72.50;;;;
2013-05-08;3.6;20.23;4.75;148.75;;;;
2013-05-09;9.9;16.28;2.75;177.13;;;;
2013-05-10;8.1;13.94;1.50;163.75;;;;
2013-05-11;0;11.58;3.00;190.25;;;;
2013-05-12;0.7;11.76;2.63;134.50;;;;
2013-05-13;0.09;11.28;3.38;185.38;;;;
2013-05-14;0;11.71;4.75;206.13;;;;
2013-05-15;0.09;16.53;5.50;127.75;;;;
2013-05-16;0.09;19.53;6.00;120.75;;;;
2013-05-17;0.09;22.25;5.38;116.38;;;;
2013-05-18;14.5;21.69;5.75;151.88;;;;
2013-05-19;0.09;16.33;4.75;142.13;;;;
2013-05-20;37.2;18.06;4.50;184.63;;;;
2013-05-21;0.09;13.88;4.63;268.13;;;;
2013-05-22;6.8;13.71;3.00;162.38;;;;
2013-05-23;0.09;9.38;6.00;294.00;;;;
2013-05-24;19.7;8.24;2.75;221.38;;;;
2013-05-25;6.5;10.48;4.63;120.63;;;;
2013-05-26;0.09;11.50;3.75;141.50;;;;
2013-05-27;0.5;11.84;3.75;53.88;;;;
2013-05-28;0;13.90;6.00;94.38;;;;
2013-05-29;0;16.30;5.75;120.88;;;;
2013-05-30;0;13.94;5.63;67.13;;;;
2013-05-31;2;13.60;5.63;58.75;;;;
2013-06-01;0.1;12.80;4.75;50.13;;;;
2013-06-02;9.9;13.68;3.38;96.75;;;;
2013-06-03;11.7;12.71;3.25;332.50;;;;
2013-06-04;0;11.15;4.38;121.63;;;;
2013-06-05;0.09;11.18;3.38;68.88;;;;
2013-06-06;0.09;12.60;3.00;105.38;;;;
2013-06-07;0.09;13.71;2.13;139.38;;;;
2013-06-08;0.09;13.58;2.50;269.75;;;;
2013-06-09;0.09;13.80;3.63;284.50;;;;
2013-06-10;0.09;13.06;3.13;293.38;;;;
2013-06-11;0.09;13.40;3.88;267.13;;;;
2013-06-12;0.09;14.54;3.38;197.50;;;;
2013-06-13;0;19.81;5.50;196.63;;;;
2013-06-14;1;16.65;9.25;261.50;;;;
2013-06-15;3.6;17.24;4.75;167.88;;;;
2013-06-16;0;15.71;6.38;265.75;;;;
2013-06-17;0.9;14.40;5.75;269.63;;;;
2013-06-18;0.09;15.11;2.25;88.75;;;;
2013-06-19;0;17.80;2.50;81.13;;;;
2013-06-20;0.09;22.96;3.00;214.38;;;;
2013-06-21;0.09;21.48;3.25;228.38;;;;
2013-06-22;0.09;18.46;3.75;184.50;;;;
2013-06-23;0.5;19.60;3.38;149.13;;;;
2013-06-24;0.09;18.43;2.75;211.00;;;;
2013-06-25;10.2;16.39;4.88;144.88;;;;
2013-06-26;2.4;14.79;6.25;299.13;;;;
2013-06-27;0.09;13.44;4.75;225.88;;;;
2013-06-28;0.09;14.20;2.75;129.00;;;;
2013-06-29;2.6;14.95;2.63;207.00;;;;
2013-06-30;35.4;12.95;7.13;265.13;;;;
2013-07-01;0.09;14.86;7.13;251.13;;;;
2013-07-02;8.1;15.26;3.00;142.38;;;;
2013-07-03;0.09;17.60;3.25;113.00;;;;
2013-07-04;8.9;20.85;4.00;170.50;;;;
2013-07-05;0.09;17.99;4.75;283.75;;;;
2013-07-06;0.09;16.93;4.38;296.88;;;;
2013-07-07;0.09;16.28;2.75;244.25;;;;
2013-07-08;0.09;17.51;4.25;242.13;;;;
2013-07-09;0.09;17.43;2.63;115.25;;;;
2013-07-10;0.2;16.40;6.75;264.13;;;;
2013-07-11;0.09;17.70;3.88;73.75;;;;
2013-07-12;0.09;17.58;5.63;67.75;;;;
2013-07-13;0.09;17.03;3.63;114.50;;;;
2013-07-14;0;16.80;7.38;274.38;;;;
2013-07-15;0.09;17.60;6.63;255.63;;;;
2013-07-16;0.09;17.84;8.75;279.00;;;;
2013-07-17;0.09;17.66;6.00;253.50;;;;
2013-07-18;0.09;18.43;8.25;265.50;;;;
2013-07-19;0;18.29;6.50;190.00;;;;
2013-07-20;0.09;17.26;3.25;281.00;;;;
2013-07-21;0.09;17.51;4.75;245.00;;;;
2013-07-22;0.09;17.11;4.13;96.00;;;;
2013-07-23;0.09;16.55;3.63;343.00;;;;
2013-07-24;0.09;18.30;2.88;223.13;;;;
2013-07-25;0.09;17.84;1.63;79.75;;;;
2013-07-26;0.09;17.98;2.50;105.00;;;;
2013-07-27;0.09;19.48;3.38;100.50;;;;
2013-07-28;0;24.54;3.63;177.25;;;;
2013-07-29;18.3;20.33;2.38;91.75;;;;
2013-07-30;8.8;18.89;4.75;216.88;;;;
2013-07-31;0;18.08;5.50;236.00;;;;
2013-08-01;0.09;18.38;5.13;265.75;;;;
2013-08-02;0.09;19.46;2.75;150.75;;;;
2013-08-03;6.6;22.44;3.25;149.75;;;;
2013-08-04;0.09;20.03;3.50;268.75;;;;
2013-08-05;0.09;19.10;2.88;114.25;;;;
2013-08-06;0.09;23.63;3.38;208.13;;;;
2013-08-07;2.2;20.06;2.88;265.75;;;;
2013-08-08;0.6;20.06;3.25;97.00;;;;
2013-08-09;0.6;19.19;6.00;272.75;;;;
2013-08-10;1.3;16.56;2.75;186.38;;;;
2013-08-11;2.7;16.20;6.88;245.25;;;;
2013-08-12;2.1;16.73;6.75;238.75;;;;
2013-08-13;20.5;14.83;6.38;229.13;;;;
2013-08-14;27.2;14.85;9.25;252.75;;;;
2013-08-15;0.2;16.08;6.00;268.38;;;;
2013-08-16;0.09;16.98;2.63;190.75;;;;
2013-08-17;0.09;20.14;5.13;198.25;;;;
2013-08-18;0.2;20.36;4.63;226.63;;;;
2013-08-19;25.6;18.45;2.75;180.25;;;;
2013-08-20;0.1;17.85;3.50;172.38;;;;
2013-08-21;1.1;17.11;3.75;292.50;;;;
2013-08-22;0.1;15.79;3.00;244.75;;;;
2013-08-23;0.09;17.68;4.88;50.13;;;;
2013-08-24;0.09;14.10;3.75;127.25;;;;
2013-08-25;0.09;14.16;4.75;84.38;;;;
2013-08-26;0.09;15.13;4.38;68.25;;;;
2013-08-27;0.09;16.06;3.63;50.38;;;;
2013-08-28;0.09;15.56;2.13;143.50;;;;
2013-08-29;0.09;15.46;3.75;249.13;;;;
2013-08-30;0.09;16.21;3.00;240.13;;;;
2013-08-31;2.2;17.40;6.13;259.25;;;;
2013-09-01;21.8;15.69;8.25;280.88;;;;
2013-09-02;12.1;14.70;9.38;295.88;;;;
2013-09-03;0.09;15.10;4.13;233.75;;;;
2013-09-04;0.09;12.36;2.25;223.25;;;;
2013-09-05;0.09;14.55;2.63;110.38;;;;
2013-09-06;0.09;16.50;3.75;134.25;;;;
2013-09-07;0.09;15.30;3.88;100.00;;;;
2013-09-08;0.09;15.49;3.88;110.38;;;;
2013-09-09;11.2;16.68;4.88;155.75;;;;
2013-09-10;1.8;13.90;4.50;194.88;;;;
2013-09-11;12.6;12.55;2.50;157.75;;;;
2013-09-12;30.2;12.76;2.00;264.63;;;;
2013-09-13;0;16.14;3.00;83.75;;;;
2013-09-14;0.09;16.56;4.00;61.88;;;;
2013-09-15;7.6;15.84;3.50;154.13;;;;
2013-09-16;0.2;13.69;4.50;204.50;;;;
2013-09-17;2.1;11.35;4.00;247.50;;;;
2013-09-18;2.3;11.18;2.88;190.13;;;;
2013-09-19;0.9;12.86;4.00;225.00;;;;
2013-09-20;0.09;12.35;3.75;277.25;;;;
2013-09-21;0.09;12.55;4.13;266.00;;;;
2013-09-22;9.7;15.24;8.38;278.25;;;;
2013-09-23;0.09;14.88;5.13;336.38;;;;
2013-09-24;0.7;12.76;5.50;254.00;;;;
2013-09-25;2.3;9.61;3.00;224.75;;;;
2013-09-26;2.4;7.76;3.38;189.25;;;;
2013-09-27;1;10.23;4.75;323.13;;;;
2013-09-28;1;10.31;3.50;179.00;;;;
2013-09-29;0.09;9.56;3.88;68.63;;;;
2013-09-30;2.6;7.06;2.50;152.75;;;;
2013-10-01;4.8;7.45;3.13;110.88;;;;
2013-10-02;0.09;5.30;2.88;132.75;;;;
2013-10-03;0.09;5.26;2.75;161.88;;;;
2013-10-04;0.09;6.10;5.25;162.88;;;;
2013-10-05;3.2;7.94;3.88;192.75;;;;
2013-10-06;0.09;10.43;4.63;252.63;;;;
2013-10-07;0.09;11.15;5.88;247.88;;;;
2013-10-08;0.09;11.83;4.13;226.75;;;;
2013-10-09;0;12.14;5.00;224.50;;;;
2013-10-10;0.09;12.60;3.25;153.75;;;;
2013-10-11;0.09;12.80;5.38;77.38;;;;
2013-10-12;0.09;11.86;5.63;100.75;;;;
2013-10-13;10.7;10.51;3.13;125.00;;;;
2013-10-14;0.09;9.05;4.00;189.13;;;;
2013-10-15;0.09;9.39;2.63;167.63;;;;
2013-10-16;0.1;9.03;1.63;123.13;;;;
2013-10-17;4.8;9.46;5.38;199.88;;;;
2013-10-18;5.7;8.85;4.88;280.25;;;;
2013-10-19;1.3;4.25;3.00;190.88;;;;
2013-10-20;8.2;8.41;2.13;171.50;;;;
2013-10-21;17;11.60;3.75;202.38;;;;
2013-10-22;0.09;12.91;4.75;161.25;;;;
2013-10-23;0;16.26;7.00;200.75;;;;
2013-10-24;0.09;12.80;8.25;249.50;;;;
2013-10-25;0;10.06;5.13;212.88;;;;
2013-10-26;0.1;14.28;6.50;225.00;;;;
2013-10-27;10.2;13.75;6.13;213.50;;;;
2013-10-28;0.4;13.25;10.63;227.25;;;;
2013-10-29;1.6;11.86;10.75;244.00;;;;
2013-10-30;4.6;9.76;10.13;249.00;;;;
2013-10-31;0.09;9.36;7.00;232.13;;;;
2013-11-01;0.1;6.91;5.50;216.25;;;;
2013-11-02;14.2;7.69;4.13;208.63;;;;
2013-11-03;3.9;8.90;5.75;232.00;;;;
2013-11-04;2;7.93;9.00;209.50;;;;
2013-11-05;0.2;8.01;7.88;235.38;;;;
2013-11-06;2.7;5.59;3.38;207.75;;;;
2013-11-07;0.8;6.74;4.25;203.75;;;;
2013-11-08;1.3;6.70;4.00;217.88;;;;
2013-11-09;2.9;7.45;7.25;201.63;;;;
2013-11-10;1.2;5.84;6.00;205.50;;;;
2013-11-11;0;7.45;4.75;287.38;;;;
2013-11-12;1.3;5.58;6.50;216.25;;;;
2013-11-13;0.3;7.56;7.00;269.00;;;;
2013-11-14;1;5.58;3.75;226.50;;;;
2013-11-15;0.09;3.64;5.25;231.00;;;;
2013-11-16;0.4;7.41;12.00;265.88;;;;
2013-11-17;0.09;7.21;6.00;260.88;;;;
2013-11-18;0;5.04;3.88;156.88;;;;
2013-11-19;0.09;6.15;4.25;187.00;;;;
2013-11-20;10.1;5.88;2.75;110.13;;;;
2013-11-21;0.09;5.44;4.38;218.63;;;;
2013-11-22;0.09;6.34;2.50;142.38;;;;
2013-11-23;0.1;8.09;2.50;68.25;;;;
2013-11-24;1.7;5.34;5.63;139.38;;;;
2013-11-25;1.1;4.13;5.38;142.00;;;;
2013-11-26;0;3.80;4.38;83.25;;;;
2013-11-27;0.4;3.00;10.25;246.25;;;;
2013-11-28;0.09;7.81;9.13;295.25;;;;
2013-11-29;2.7;4.81;5.00;257.13;;;;
2013-11-30;1.4;3.39;2.88;226.63;;;;
2013-12-01;0.6;6.43;10.00;284.88;;;;
2013-12-02;0.09;3.66;4.25;224.13;;;;
2013-12-03;0;1.93;8.38;246.13;;;;
2013-12-04;1.9;3.91;9.25;261.88;;;;
2013-12-05;5.3;4.24;12.25;252.50;;;;
2013-12-06;5.6;1.36;14.50;296.75;;;;
2013-12-07;0.09;1.49;8.50;318.88;;;;
2013-12-08;7.2;1.21;6.75;264.25;;;;
2013-12-09;0.09;2.65;4.25;203.13;;;;
2013-12-10;0.3;1.14;4.63;209.38;;;;
2013-12-11;0;3.89;7.13;264.63;;;;
2013-12-12;0.6;2.44;7.25;247.13;;;;
2013-12-13;2.3;2.89;5.00;243.38;;;;
2013-12-14;2.5;2.90;4.00;209.88;;;;
2013-12-15;0.6;3.89;7.50;240.38;;;;
2013-12-16;0.09;5.95;6.63;227.50;;;;
2013-12-17;0.09;6.29;6.00;246.00;;;;
2013-12-18;0.09;3.95;2.88;189.63;;;;
2013-12-19;0;2.95;5.50;189.38;;;;
2013-12-20;2.5;4.70;5.38;223.25;;;;
2013-12-21;0;5.01;9.50;240.75;;;;
2013-12-22;3.7;5.49;8.25;225.63;;;;
2013-12-23;1;4.55;8.88;239.38;;;;
2013-12-24;0.09;7.14;9.13;194.00;;;;
2013-12-25;1.5;7.04;6.50;193.75;;;;
2013-12-26;0;5.19;2.75;126.00;;;;
2013-12-27;0;5.35;6.75;207.50;;;;
2013-12-28;1.2;6.63;6.38;204.13;;;;
2013-12-29;9.6;5.30;4.38;236.75;;;;
2013-12-30;0.2;3.95;7.50;240.13;;;;
2013-12-31;0.09;1.04;5.00;195.38;;;;
2014-01-01;0.09;1.63;4.63;184.88;;;;
2014-01-02;0;1.51;4.25;165.63;;;;
2014-01-03;0.4;3.93;4.63;188.75;;;;
2014-01-04;0;4.59;5.88;203.75;;;;
2014-01-05;1.3;5.04;5.25;178.75;;;;
2014-01-06;5.5;4.23;6.63;218.50;;;;
2014-01-07;0.1;7.64;7.13;223.50;;;;
2014-01-08;4.1;7.25;8.00;240.63;;;;
2014-01-09;2.3;6.99;8.88;226.38;;;;
2014-01-10;1;5.84;13.50;277.25;;;;
2014-01-11;4.3;5.26;10.00;256.50;;;;
2014-01-12;0.7;3.58;9.00;300.25;;;;
2014-01-13;0.09;-1.65;4.00;232.00;;;;
2014-01-14;0.09;0.01;2.38;133.38;;;;
2014-01-15;0.09;0.54;3.88;96.50;;;;
2014-01-16;0.2;-1.56;4.75;121.38;;;;
2014-01-17;2.5;-2.49;5.13;115.75;;;;
2014-01-18;0.09;-2.55;4.63;105.00;;;;
2014-01-19;0.09;-3.20;8.00;102.75;;;;
2014-01-20;0.09;-4.29;8.88;103.75;;;;
2014-01-21;0.09;-5.41;5.00;105.38;;;;
2014-01-22;0.09;-4.08;4.38;101.13;;;;
2014-01-23;0;-6.84;3.00;122.50;;;;
2014-01-24;0;-10.75;3.63;113.13;;;;
2014-01-25;0;-11.15;3.00;142.63;;;;
2014-01-26;0.5;-8.89;4.63;128.63;;;;
2014-01-27;0;-7.05;6.63;145.63;;;;
2014-01-28;0.4;-5.00;6.00;133.25;;;;
2014-01-29;0.1;-8.41;7.50;128.13;;;;
2014-01-30;0;-8.81;7.13;144.75;;;;
2014-01-31;0.9;-6.80;6.88;155.75;;;;
2014-02-01;0.09;0.46;5.25;176.13;;;;
2014-02-02;0;2.41;4.38;198.50;;;;
2014-02-03;0.2;1.76;2.75;150.00;;;;
2014-02-04;0.09;-0.21;3.50;154.00;;;;
2014-02-05;0.09;0.29;2.75;168.38;;;;
2014-02-06;0;1.59;3.38;204.75;;;;
2014-02-07;0.3;4.04;6.38;176.75;;;;
2014-02-08;0;4.95;7.50;212.75;;;;
2014-02-09;0.09;5.00;5.38;193.13;;;;
2014-02-10;0.09;2.51;2.50;205.50;;;;
2014-02-11;4.6;2.48;5.38;165.25;;;;
2014-02-12;0;2.49;3.75;212.00;;;;
2014-02-13;0;1.73;4.50;176.88;;;;
2014-02-14;0;1.73;4.13;208.88;;;;
2014-02-15;0.1;3.58;7.63;179.50;;;;
2014-02-16;0.1;5.71;8.88;236.00;;;;
2014-02-17;0.09;3.23;12.25;261.50;;;;
2014-02-18;0.09;2.90;4.38;232.75;;;;
2014-02-19;0.2;2.31;3.75;224.00;;;;
2014-02-20;0.2;2.95;5.50;251.75;;;;
2014-02-21;0.2;5.60;6.38;199.63;;;;
2014-02-22;0.09;4.08;4.75;236.13;;;;
2014-02-23;0.09;4.11;3.50;220.88;;;;
2014-02-24;0.09;5.44;6.00;185.25;;;;
2014-02-25;0.09;4.80;5.38;161.13;;;;
2014-02-26;0.09;3.45;4.63;168.50;;;;
2014-02-27;0.09;5.30;3.88;187.13;;;;
2014-02-28;0.1;5.24;3.25;141.63;;;;
2014-03-01;0;3.04;2.88;145.25;;;;
2014-03-02;0.09;5.34;4.88;163.25;;;;
2014-03-03;0.09;4.99;5.75;156.00;;;;
2014-03-04;0;5.20;5.75;131.50;;;;
2014-03-05;0;3.15;2.63;132.25;;;;
2014-03-06;0.09;2.23;2.00;249.75;;;;
2014-03-07;0;3.18;4.00;195.50;;;;
2014-03-08;0.09;4.54;6.38;258.38;;;;
2014-03-09;0.09;7.08;5.75;206.25;;;;
2014-03-10;0.09;8.99;5.25;213.88;;;;
2014-03-11;0.09;3.20;2.88;76.38;;;;
2014-03-12;0.09;3.43;4.13;217.00;;;;
2014-03-13;0.09;6.91;7.25;265.25;;;;
2014-03-14;3.9;5.56;6.75;269.50;;;;
2014-03-15;1.8;5.75;12.38;281.38;;;;
2014-03-16;2.2;4.85;6.75;295.50;;;;
2014-03-17;0.6;6.28;13.00;283.38;;;;
2014-03-18;1.7;6.14;9.75;280.00;;;;
2014-03-19;0.3;6.38;11.13;280.25;;;;
2014-03-20;0;9.33;10.63;259.00;;;;
2014-03-21;0.1;11.15;6.25;208.75;;;;
2014-03-22;1.8;7.20;4.50;223.75;;;;
2014-03-23;0.09;5.76;3.25;223.50;;;;
2014-03-24;0.4;3.70;2.13;76.38;;;;
2014-03-25;10.3;2.81;5.75;90.88;;;;
2014-03-26;0;3.43;3.88;116.38;;;;
2014-03-27;0;4.24;2.50;173.88;;;;
2014-03-28;0.09;4.41;3.88;57.88;;;;
2014-03-29;0.09;5.48;3.25;69.25;;;;
2014-03-30;0.09;4.23;2.13;71.88;;;;
2014-03-31;0;2.88;2.88;206.38;;;;
2014-04-01;0.09;2.79;3.88;79.38;;;;
2014-04-02;6.5;3.29;2.88;93.63;;;;
2014-04-03;0.09;4.63;4.25;79.88;;;;
2014-04-04;0.09;3.35;7.13;77.25;;;;
2014-04-05;0.09;7.69;4.13;154.38;;;;
2014-04-06;0.8;7.44;3.25;242.38;;;;
2014-04-07;0.8;10.98;6.75;258.88;;;;
2014-04-08;0.1;10.73;5.88;225.38;;;;
2014-04-09;11.2;6.33;11.13;286.63;;;;
2014-04-10;0.09;4.69;3.50;59.50;;;;
2014-04-11;0;6.15;2.75;208.50;;;;
2014-04-12;0.3;6.65;2.38;260.50;;;;
2014-04-13;0.5;8.04;9.50;260.63;;;;
2014-04-14;1.1;6.69;6.63;273.25;;;;
2014-04-15;0;5.48;3.25;94.63;;;;
2014-04-16;0.09;5.80;2.88;73.50;;;;
2014-04-17;0.09;6.80;3.50;223.50;;;;
2014-04-18;0.09;7.10;4.00;164.00;;;;
2014-04-19;0.09;8.09;4.88;65.50;;;;
2014-04-20;0;10.00;5.50;65.13;;;;
2014-04-21;0;13.58;4.00;103.38;;;;
2014-04-22;0.09;10.61;3.75;55.38;;;;
2014-04-23;0.09;7.55;5.25;63.00;;;;
2014-04-24;0.09;10.40;5.13;70.13;;;;
2014-04-25;0.09;10.50;4.88;73.75;;;;
2014-04-26;0.09;11.36;3.88;71.50;;;;
2014-04-27;0.09;9.38;4.00;64.63;;;;
2014-04-28;0.09;7.55;3.38;52.38;;;;
2014-04-29;0.09;8.79;1.88;242.50;;;;
2014-04-30;0.09;6.56;2.75;167.38;;;;
2014-05-01;0.09;6.96;5.25;121.63;;;;
2014-05-02;0.09;4.38;3.75;70.63;;;;
2014-05-03;0.09;7.00;3.75;165.00;;;;
2014-05-04;0.09;7.15;4.88;247.00;;;;
2014-05-05;0.09;5.66;2.25;234.00;;;;
2014-05-06;0.6;8.53;5.13;150.38;;;;
2014-05-07;5;12.85;6.25;215.13;;;;
2014-05-08;9.9;10.36;3.50;229.38;;;;
2014-05-09;4.2;10.99;2.75;152.88;;;;
2014-05-10;4.8;11.23;6.50;252.13;;;;
2014-05-11;11.7;10.88;6.50;222.63;;;;
2014-05-12;0.4;10.49;3.63;232.50;;;;
2014-05-13;0;10.83;8.75;262.88;;;;
2014-05-14;0.1;9.54;6.13;280.13;;;;
2014-05-15;0.09;8.93;4.00;53.25;;;;
2014-05-16;0.09;9.75;3.50;34.75;;;;
2014-05-17;7.2;10.44;4.25;46.88;;;;
2014-05-18;0.09;13.25;3.63;99.50;;;;
2014-05-19;0;15.31;3.38;155.13;;;;
2014-05-20;0.09;16.98;2.75;76.63;;;;
2014-05-21;0.09;17.14;2.75;117.75;;;;
2014-05-22;0.09;23.20;6.13;153.75;;;;
2014-05-23;0.09;24.79;6.88;158.13;;;;
2014-05-24;0.7;16.15;3.00;251.00;;;;
2014-05-25;0.09;16.14;4.13;269.88;;;;
2014-05-26;0.09;14.34;3.25;157.13;;;;
2014-05-27;0.09;10.66;8.50;61.50;;;;
2014-05-28;0;8.86;8.13;58.50;;;;
2014-05-29;0;8.80;3.88;109.25;;;;
2014-05-30;0;12.19;4.88;277.75;;;;
2014-05-31;0.09;11.29;4.75;263.88;;;;
2014-06-01;0.09;10.54;2.50;96.50;;;;
2014-06-02;0.9;11.24;3.63;63.63;;;;
2014-06-03;0.5;11.29;1.50;131.13;;;;
2014-06-04;0;14.46;2.63;77.25;;;;
2014-06-05;2.5;15.95;4.38;201.88;;;;
2014-06-06;0.09;14.69;2.63;192.00;;;;
2014-06-07;0.09;16.96;3.38;193.88;;;;
2014-06-08;0.4;16.08;2.38;205.88;;;;
2014-06-09;0.09;18.60;3.00;265.88;;;;
2014-06-10;0.09;17.25;3.50;143.25;;;;
2014-06-11;1.3;16.78;3.38;70.63;;;;
2014-06-12;0.09;16.38;7.25;279.13;;;;
2014-06-13;0.1;15.03;7.00;292.00;;;;
2014-06-14;0;12.46;4.00;53.00;;;;
2014-06-15;0.09;12.44;2.88;303.63;;;;
2014-06-16;0.1;13.28;3.13;263.13;;;;
2014-06-17;0.09;13.15;3.50;185.13;;;;
2014-06-18;0.09;14.90;5.88;260.50;;;;
2014-06-19;1.5;15.08;9.63;256.25;;;;
2014-06-20;0;14.13;5.00;301.38;;;;
2014-06-21;0.2;14.36;7.00;267.38;;;;
2014-06-22;1.3;14.26;6.25;290.50;;;;
2014-06-23;11.3;13.51;6.50;283.75;;;;
2014-06-24;0.09;13.16;3.13;319.00;;;;
2014-06-25;0.09;12.86;3.38;124.13;;;;
2014-06-26;0.09;13.49;2.50;196.75;;;;
2014-06-27;0.09;13.70;3.38;107.50;;;;
2014-06-28;3.2;15.73;3.75;94.63;;;;
2014-06-29;4.8;15.25;2.25;222.13;;;;
2014-06-30;0.09;15.53;5.00;277.38;;;;
2014-07-01;0.6;15.75;5.63;273.88;;;;
2014-07-02;0.7;14.36;6.00;252.13;;;;
2014-07-03;0;16.33;6.00;251.63;;;;
2014-07-04;0.09;19.51;3.13;184.75;;;;
2014-07-05;0.09;22.94;4.00;136.88;;;;
2014-07-06;0.09;20.50;2.88;201.38;;;;
2014-07-07;0;22.80;2.88;128.25;;;;
2014-07-08;4.3;23.18;4.63;99.63;;;;
2014-07-09;0.09;22.19;5.88;72.25;;;;
2014-07-10;0.09;20.31;5.75;68.38;;;;
2014-07-11;0.8;17.56;6.25;63.88;;;;
2014-07-12;17;14.98;3.50;124.63;;;;
2014-07-13;6.1;17.04;6.13;222.13;;;;
2014-07-14;4.4;17.36;4.75;200.88;;;;
2014-07-15;0.09;18.46;5.25;261.63;;;;
2014-07-16;0.09;18.45;2.50;262.75;;;;
2014-07-17;0.09;16.98;2.00;183.38;;;;
2014-07-18;0.09;17.20;2.50;139.88;;;;
2014-07-19;0.09;19.05;4.13;75.13;;;;
2014-07-20;0.09;19.74;6.25;70.75;;;;
2014-07-21;0.09;18.83;4.75;58.63;;;;
2014-07-22;0.09;19.51;4.63;54.25;;;;
2014-07-23;0.09;19.44;5.25;57.88;;;;
2014-07-24;0.09;20.09;5.63;63.25;;;;
2014-07-25;0;20.98;5.00;73.38;;;;
2014-07-26;0;21.89;3.38;119.50;;;;
2014-07-27;7.5;23.68;3.38;126.38;;;;
2014-07-28;0.09;21.39;2.13;154.63;;;;
2014-07-29;0.09;21.40;2.88;61.50;;;;
2014-07-30;0;24.50;3.63;172.75;;;;
2014-07-31;0.09;20.30;4.63;277.75;;;;
2014-08-01;0;18.65;2.75;190.63;;;;
2014-08-02;0;19.88;4.00;76.25;;;;
2014-08-03;0;27.81;5.75;150.50;;;;
2014-08-04;9.4;21.59;2.75;196.88;;;;
2014-08-05;7.2;19.35;3.75;247.75;;;;
2014-08-06;0.09;19.56;4.63;281.63;;;;
2014-08-07;0.09;19.08;3.25;116.63;;;;
2014-08-08;0.1;19.55;2.13;126.13;;;;
2014-08-09;2.7;21.15;4.50;178.88;;;;
2014-08-10;0.09;20.50;4.13;165.88;;;;
2014-08-11;0.09;19.93;5.75;232.25;;;;
2014-08-12;8.2;16.15;5.88;232.63;;;;
2014-08-13;18.7;18.55;3.88;156.88;;;;
2014-08-14;1.2;17.28;5.00;259.25;;;;
2014-08-15;5.2;16.16;3.88;228.75;;;;
2014-08-16;1.6;15.86;5.50;256.50;;;;
2014-08-17;1.7;15.48;7.38;223.00;;;;
2014-08-18;1.2;16.09;8.13;219.38;;;;
2014-08-19;0.6;15.25;8.50;234.50;;;;
2014-08-20;0.9;14.08;10.13;230.88;;;;
2014-08-21;0.8;14.31;7.25;245.25;;;;
2014-08-22;0.09;14.49;4.00;204.13;;;;
2014-08-23;0;14.30;4.75;232.38;;;;
2014-08-24;2.2;12.94;4.13;237.00;;;;
2014-08-25;4;13.34;7.63;260.13;;;;
2014-08-26;0;13.09;4.38;258.38;;;;
2014-08-27;0.09;16.21;4.50;296.88;;;;
2014-08-28;0.09;16.91;4.50;293.00;;;;
2014-08-29;0.2;15.01;2.88;145.75;;;;
2014-08-30;3.1;16.65;4.50;206.88;;;;
2014-08-31;3.2;16.06;3.25;124.63;;;;
2014-09-01;0.09;15.56;5.88;87.13;;;;
2014-09-02;0.09;14.80;4.13;77.25;;;;
2014-09-03;0.09;14.45;4.63;73.25;;;;
2014-09-04;0.09;15.55;4.38;97.63;;;;
2014-09-05;0.09;16.98;3.75;147.00;;;;
2014-09-06;0.09;15.76;2.75;97.13;;;;
2014-09-07;0.09;16.65;2.13;141.13;;;;
2014-09-08;3.4;15.56;3.50;231.00;;;;
2014-09-09;7.2;14.51;4.38;226.00;;;;
2014-09-10;0.6;14.08;3.63;181.63;;;;
2014-09-11;0.1;13.49;3.50;118.88;;;;
2014-09-12;2.4;16.86;5.38;62.13;;;;
2014-09-13;0.09;17.59;5.75;65.63;;;;
2014-09-14;0.09;17.33;5.25;68.50;;;;
2014-09-15;0.09;16.23;5.25;71.50;;;;
2014-09-16;0.09;14.91;3.50;82.13;;;;
2014-09-17;0.09;15.23;4.00;114.63;;;;
2014-09-18;0.09;15.86;3.63;117.75;;;;
2014-09-19;0.09;16.84;2.13;144.75;;;;
2014-09-20;0;13.43;2.25;158.00;;;;
2014-09-21;0.7;13.89;3.75;238.63;;;;
2014-09-22;4.4;13.25;5.88;245.50;;;;
2014-09-23;0.8;10.86;5.13;132.13;;;;
2014-09-24;0.09;9.31;4.88;200.75;;;;
2014-09-25;11.5;10.48;6.25;244.38;;;;
2014-09-26;0.7;12.84;4.63;241.25;;;;
2014-09-27;0.09;14.23;7.63;280.25;;;;
2014-09-28;0.09;13.38;6.38;246.25;;;;
2014-09-29;0;13.26;3.38;251.38;;;;
2014-09-30;0.2;12.45;2.75;128.25;;;;
2014-10-01;0.09;13.45;3.25;114.25;;;;
2014-10-02;0.09;13.31;2.25;168.75;;;;
2014-10-03;0.09;12.63;1.88;167.88;;;;
2014-10-04;0.09;11.56;2.13;146.88;;;;
2014-10-05;0.09;10.10;3.38;114.63;;;;
2014-10-06;0.09;9.46;4.88;91.25;;;;
2014-10-07;0.1;12.28;7.25;144.38;;;;
2014-10-08;0.3;14.39;5.50;193.88;;;;
2014-10-09;3.8;15.40;3.88;190.63;;;;
2014-10-10;0.4;14.94;4.13;233.75;;;;
2014-10-11;20.4;12.74;2.63;127.50;;;;
2014-10-12;0;13.24;5.25;212.25;;;;
2014-10-13;0.9;11.44;3.00;134.13;;;;
2014-10-14;0.1;13.55;3.00;196.50;;;;
2014-10-15;1.7;11.70;2.63;97.50;;;;
2014-10-16;0.09;11.46;1.88;94.75;;;;
2014-10-17;0.09;9.96;4.00;87.63;;;;
2014-10-18;0.09;8.98;3.63;130.75;;;;
2014-10-19;9.9;14.89;6.88;223.88;;;;
2014-10-20;2.6;13.94;10.38;275.00;;;;
2014-10-21;2.2;11.30;3.50;207.88;;;;
2014-10-22;0.5;10.64;5.13;101.13;;;;
2014-10-23;0;5.59;4.63;117.13;;;;
2014-10-24;0.09;5.51;4.88;183.25;;;;
2014-10-25;0;2.13;6.13;187.25;;;;
2014-10-26;0;7.83;5.13;201.00;;;;
2014-10-27;0.09;11.26;6.50;214.88;;;;
2014-10-28;0.09;8.81;5.13;198.38;;;;
2014-10-29;1;6.25;4.88;219.00;;;;
2014-10-30;0.09;7.03;2.13;250.50;;;;
2014-10-31;0.1;5.78;2.50;201.13;;;;
