Data;poziom wody w piezometrze B1 npm [cm];temperatura wody w piezometrze B1 [C]
2008-09-23;67.21;12.57
2008-09-24;66.29;12.56
2008-09-25;65.21;12.54
2008-09-26;64.33;12.53
2008-09-27;63.40;12.51
2008-09-28;62.59;12.49
2008-09-29;61.62;12.47
2008-09-30;61.48;12.44
2008-10-01;61.23;12.42
2008-10-02;61.33;12.40
2008-10-03;63.72;12.39
2008-10-04;65.63;12.37
2008-10-05;66.91;12.35
2008-10-06;67.23;12.33
2008-10-07;67.23;12.30
2008-10-08;67.47;12.27
2008-10-09;66.82;12.25
2008-10-10;66.12;12.22
2008-10-11;66.33;12.19
2008-10-12;66.28;12.15
2008-10-13;66.53;12.12
2008-10-14;66.68;12.09
2008-10-15;66.88;12.05
2008-10-16;67.31;12.02
2008-10-17;67.56;12.00
2008-10-18;68.15;11.97
2008-10-19;70.08;11.95
2008-10-20;71.70;11.93
2008-10-21;73.06;11.91
2008-10-22;73.48;11.89
2008-10-23;73.71;11.86
2008-10-24;74.08;11.84
2008-10-25;74.17;11.82
2008-10-26;74.28;11.80
2008-10-27;74.38;11.77
2008-10-28;74.70;11.75
2008-10-29;75.34;11.72
2008-10-30;76.18;11.69
2008-10-31;76.88;11.66
2008-11-01;78.75;11.62
2008-11-02;80.22;11.59
2008-11-03;81.29;11.55
2008-11-04;81.38;11.51
2008-11-05;80.59;11.47
2008-11-06;80.48;11.34
2008-11-07;79.93;11.26
2008-11-08;78.78;11.23
2008-11-09;77.45;11.19
2008-11-10;76.42;11.15
2008-11-11;75.08;11.13
2008-11-12;73.98;11.12
2008-11-13;73.08;11.08
2008-11-14;72.86;11.08
2008-11-15;73.02;11.03
2008-11-16;73.87;10.99
2008-11-17;76.28;10.97
2008-11-18;80.92;10.93
2008-11-19;82.76;10.88
2008-11-20;84.26;10.82
2008-11-21;86.81;10.76
2008-11-22;89.31;10.68
2008-11-23;91.86;10.61
2008-11-24;96.89;10.49
2008-11-25;100.79;10.36
2008-11-26;103.02;10.26
2008-11-27;104.05;10.14
2008-11-28;104.85;10.05
2008-11-29;105.02;10.01
2008-11-30;104.08;9.97
2008-12-01;103.11;9.90
2008-12-02;101.90;9.84
2008-12-03;101.04;9.78
2008-12-04;100.40;9.74
2008-12-05;99.83;9.69
2008-12-06;98.33;9.65
2008-12-07;97.06;9.60
2008-12-08;96.58;9.56
2008-12-09;96.18;9.54
2008-12-10;95.31;9.49
2008-12-11;94.30;9.47
2008-12-12;93.55;9.41
2008-12-13;92.95;9.37
2008-12-14;92.47;9.35
2008-12-15;91.63;9.31
2008-12-16;90.74;9.23
2008-12-17;89.96;9.19
2008-12-18;88.58;9.13
2008-12-19;87.54;9.11
2008-12-20;86.33;9.06
2008-12-21;85.63;9.06
2008-12-22;87.26;9.02
2008-12-23;89.21;9.00
2008-12-24;95.12;8.98
2008-12-25;97.95;8.92
2008-12-26;98.25;8.85
2008-12-27;97.42;8.82
2008-12-28;95.52;8.78
2008-12-29;93.52;8.75
2008-12-30;91.94;8.75
2008-12-31;90.47;8.65
2009-01-01;88.63;8.60
2009-01-02;86.81;8.54
2009-01-03;86.19;8.48
2009-01-04;85.90;8.41
2009-01-05;85.54;8.34
2009-01-06;84.89;8.27
2009-01-07;84.31;8.26
2009-01-08;83.47;8.20
2009-01-09;83.48;8.18
2009-01-10;83.16;8.09
2009-01-11;82.88;8.06
2009-01-12;82.34;8.01
2009-01-13;81.90;7.98
2009-01-14;81.21;7.92
2009-01-15;80.73;7.94
2009-01-16;80.59;7.89
2009-01-17;81.58;7.87
2009-01-18;81.55;7.82
2009-01-19;80.50;7.79
2009-01-20;79.52;7.78
2009-01-21;78.74;7.69
2009-01-22;78.00;7.72
2009-01-23;77.85;7.72
2009-01-24;77.23;7.63
2009-01-25;76.66;7.68
2009-01-26;76.60;7.64
2009-01-27;76.35;7.63
2009-01-28;75.87;7.62
2009-01-29;75.29;7.60
2009-01-30;74.76;7.58
2009-01-31;74.68;7.55
2009-02-01;74.97;7.57
2009-02-02;74.59;7.53
2009-02-03;74.12;7.50
2009-02-04;73.43;7.46
2009-02-05;72.24;7.45
2009-02-06;71.23;7.40
2009-02-07;70.28;7.36
2009-02-08;69.18;7.32
2009-02-09;68.35;7.29
2009-02-10;68.18;7.25
2009-02-11;67.46;7.24
2009-02-12;67.08;7.23
2009-02-13;68.04;7.20
2009-02-14;69.36;7.20
2009-02-15;70.48;7.16
2009-02-16;70.87;7.15
2009-02-17;71.75;7.16
2009-02-18;73.89;7.22
2009-02-19;74.33;7.17
2009-02-20;73.98;7.12
2009-02-21;72.66;7.07
2009-02-22;71.65;7.08
2009-02-23;70.18;7.05
2009-02-24;69.58;7.02
2009-02-25;69.98;7.02
2009-02-26;70.69;6.99
2009-02-27;71.57;6.97
2009-02-28;73.06;6.97
2009-03-01;74.93;6.95
2009-03-02;75.73;6.95
2009-03-03;75.56;6.94
2009-03-04;75.07;6.94
2009-03-05;74.45;6.94
2009-03-06;74.18;6.94
2009-03-07;74.08;6.95
2009-03-08;73.91;6.96
2009-03-09;73.04;6.97
2009-03-10;71.90;7.02
2009-03-11;70.88;7.09
2009-03-12;70.85;7.11
2009-03-13;71.32;7.11
2009-03-14;70.46;7.11
2009-03-15;69.53;7.11
2009-03-16;68.85;7.12
2009-03-17;68.56;7.13
2009-03-18;68.82;7.11
2009-03-19;70.93;7.15
2009-03-20;72.81;7.21
2009-03-21;74.42;7.20
2009-03-22;75.05;7.19
2009-03-23;75.50;7.19
2009-03-24;76.18;7.19
2009-03-25;78.50;7.25
2009-03-26;82.66;7.21
2009-03-27;85.02;7.09
2009-03-28;85.33;7.11
2009-03-29;84.78;7.11
2009-03-30;84.13;7.14
2009-03-31;83.61;7.15
2009-04-01;82.91;7.15
2009-04-02;81.97;7.16
2009-04-03;81.38;7.17
2009-04-04;80.51;7.18
2009-04-05;79.41;7.19
2009-04-06;78.68;7.20
2009-04-07;77.99;7.21
2009-04-08;77.08;7.21
2009-04-09;76.09;7.24
2009-04-10;75.46;7.27
2009-04-11;74.72;7.28
2009-04-12;73.94;7.30
2009-04-13;73.10;7.32
2009-04-14;72.29;7.35
2009-04-15;71.26;7.38
2009-04-16;70.68;7.41
2009-04-17;69.99;7.43
2009-04-18;69.15;7.46
2009-04-19;68.50;7.49
2009-04-20;67.95;7.51
2009-04-21;67.43;7.54
2009-04-22;66.80;7.57
2009-04-23;65.88;7.60
2009-04-24;65.18;7.63
2009-04-25;64.32;7.66
2009-04-26;63.54;7.68
2009-04-27;62.93;7.71
2009-04-28;61.97;7.73
2009-04-29;61.13;7.76
2009-04-30;60.47;7.79
2009-05-01;60.08;7.82
2009-05-02;59.68;7.86
2009-05-03;59.24;7.90
2009-05-04;58.28;7.95
2009-05-05;57.73;7.99
2009-05-06;57.00;8.04
2009-05-07;57.07;8.08
2009-05-08;57.91;8.13
2009-05-09;57.74;8.18
2009-05-10;57.68;8.22
2009-05-11;57.64;8.26
2009-05-12;57.93;8.29
2009-05-13;58.42;8.33
2009-05-14;59.08;8.37
2009-05-15;59.62;8.41
2009-05-16;59.58;8.44
2009-05-17;58.98;8.48
2009-05-18;58.10;8.52
2009-05-19;57.23;8.55
2009-05-20;56.34;8.59
2009-05-21;56.08;8.62
2009-05-22;55.21;8.66
2009-05-23;54.73;8.70
2009-05-24;54.91;8.73
2009-05-25;55.04;8.77
2009-05-26;54.83;8.81
2009-05-27;54.08;8.85
2009-05-28;54.41;8.89
2009-05-29;55.03;8.93
2009-05-30;56.58;8.97
2009-05-31;58.25;9.02
2009-06-01;59.27;9.07
2009-06-02;58.94;9.11
2009-06-03;58.38;9.16
2009-06-04;59.41;9.20
2009-06-05;60.79;9.25
2009-06-06;62.00;9.29
2009-06-07;62.49;9.34
2009-06-08;62.21;9.39
2009-06-09;61.65;9.44
2009-06-10;60.45;9.49
2009-06-11;59.35;9.53
2009-06-12;58.28;9.56
2009-06-13;60.68;9.60
2009-06-14;64.43;9.64
2009-06-15;67.53;9.68
2009-06-16;69.56;9.72
2009-06-17;70.45;9.76
2009-06-18;71.13;9.79
2009-06-19;70.53;9.82
2009-06-20;69.63;9.86
2009-06-21;68.91;9.89
2009-06-22;68.24;9.92
2009-06-23;67.46;9.96
2009-06-24;67.68;9.99
2009-06-25;69.19;10.02
2009-06-26;70.29;10.06
2009-06-27;69.96;10.10
2009-06-28;68.91;10.14
2009-06-29;67.47;10.17
2009-06-30;65.88;10.21
2009-07-01;64.47;10.25
2009-07-02;63.19;10.29
2009-07-03;61.96;10.33
2009-07-04;60.83;10.38
2009-07-05;59.86;10.42
2009-07-06;59.30;10.47
2009-07-07;58.96;10.52
2009-07-08;58.57;10.57
2009-07-09;59.57;10.62
2009-07-10;62.56;10.69
2009-07-11;64.60;10.75
2009-07-12;65.82;10.81
2009-07-13;66.18;10.86
2009-07-14;66.35;10.91
2009-07-15;66.31;10.96
2009-07-16;66.68;11.01
2009-07-17;68.73;11.06
2009-07-18;69.31;11.10
2009-07-19;69.57;11.14
2009-07-20;70.54;11.18
2009-07-21;71.81;11.23
2009-07-22;73.93;11.28
2009-07-23;75.99;11.33
2009-07-24;77.75;11.38
2009-07-25;79.26;11.42
2009-07-26;80.14;11.47
2009-07-27;80.92;11.51
2009-07-28;81.01;11.55
2009-07-29;80.62;11.59
2009-07-30;79.93;11.63
2009-07-31;78.63;11.67
2009-08-01;78.43;11.70
2009-08-02;77.74;11.74
2009-08-03;76.51;11.77
2009-08-04;75.59;11.80
2009-08-05;75.10;11.83
2009-08-06;74.28;11.86
2009-08-07;73.41;11.89
2009-08-08;72.53;11.92
2009-08-09;71.38;11.96
2009-08-10;70.46;11.99
2009-08-11;69.53;12.03
2009-08-12;68.73;12.06
2009-08-13;71.60;12.17
2009-08-14;77.08;12.21
2009-08-15;80.17;12.24
2009-08-16;81.50;12.28
2009-08-17;81.30;12.32
2009-08-18;81.42;12.35
2009-08-19;82.41;12.37
2009-08-20;83.48;12.40
2009-08-21;83.88;12.42
2009-08-22;83.52;12.45
2009-08-23;83.96;12.47
2009-08-24;84.08;12.50
2009-08-25;83.70;12.52
2009-08-26;82.40;12.54
2009-08-27;81.78;12.56
2009-08-28;80.82;12.58
2009-08-29;79.53;12.60
2009-08-30;79.09;12.61
2009-08-31;80.69;12.63
2009-09-01;81.84;12.65
2009-09-02;81.15;12.68
2009-09-03;80.64;12.69
2009-09-04;79.74;12.71
2009-09-05;79.57;12.72
2009-09-06;80.90;12.73
2009-09-07;84.29;12.75
2009-09-08;85.61;12.76
2009-09-09;86.14;12.77
2009-09-10;85.49;12.78
2009-09-11;85.00;12.78
2009-09-12;85.38;12.79
2009-09-13;85.14;12.79
2009-09-14;85.08;12.79
2009-09-15;85.67;12.79
2009-09-16;85.48;12.79
2009-09-17;84.20;12.79
2009-09-18;82.81;12.79
2009-09-19;81.69;12.80
2009-09-20;80.34;12.80
2009-09-21;78.59;12.79
2009-09-22;77.27;12.79
2009-09-23;76.22;12.79
2009-09-24;76.21;12.78
2009-09-25;77.48;12.77
2009-09-26;78.87;12.77
2009-09-27;78.93;12.77
2009-09-28;78.43;12.76
2009-09-29;79.51;12.75
2009-09-30;81.71;12.75
2009-10-01;83.49;12.74
2009-10-02;84.73;12.73
2009-10-03;86.97;12.72
2009-10-04;87.54;12.71
2009-10-05;88.63;12.70
2009-10-06;90.60;12.69
2009-10-07;90.91;12.67
2009-10-08;89.69;12.65
2009-10-09;89.90;12.62
2009-10-10;92.01;12.59
2009-10-11;92.53;12.56
2009-10-12;91.81;12.53
2009-10-13;93.72;12.50
2009-10-14;97.88;12.46
2009-10-15;106.60;12.43
2009-10-16;112.78;12.40
2009-10-17;111.78;12.30
2009-10-18;109.32;12.21
2009-10-19;106.84;12.13
2009-10-20;104.20;12.06
2009-10-21;101.68;11.98
2009-10-22;99.10;11.93
2009-10-23;96.76;11.87
2009-10-24;94.36;11.81
2009-10-25;92.26;11.76
2009-10-26;90.24;11.71
2009-10-27;88.41;11.66
2009-10-28;86.75;11.63
2009-10-29;85.15;11.60
2009-10-30;83.66;11.56
2009-10-31;82.79;11.53
2009-11-01;81.70;11.49
2009-11-02;80.69;11.45
2009-11-03;79.40;11.41
2009-11-04;78.24;11.35
2009-11-05;76.51;11.29
2009-11-06;74.88;11.21
2009-11-07;73.83;11.16
2009-11-08;72.68;11.09
2009-11-09;71.71;11.04
2009-11-10;70.80;10.99
2009-11-11;70.29;10.95
2009-11-12;69.91;10.89
2009-11-13;69.59;10.87
2009-11-14;69.15;10.82
2009-11-15;68.58;10.79
2009-11-16;68.07;10.74
2009-11-17;67.38;10.70
2009-11-18;67.02;10.69
2009-11-19;66.41;10.68
2009-11-20;66.89;10.65
2009-11-21;66.59;10.64
2009-11-22;66.52;10.64
2009-11-23;66.46;10.61
2009-11-24;66.18;10.59
2009-11-25;67.44;10.57
2009-11-26;69.24;10.53
2009-11-27;70.28;10.54
2009-11-28;71.84;10.49
2009-11-29;74.09;10.44
2009-11-30;75.08;10.41
2009-12-01;75.44;10.38
2009-12-02;75.78;10.33
2009-12-03;76.98;10.30
2009-12-04;78.44;10.26
2009-12-05;79.15;10.19
2009-12-06;79.43;10.13
2009-12-07;79.33;10.08
2009-12-08;79.21;10.04
2009-12-09;78.88;10.00
2009-12-10;78.63;9.96
2009-12-11;77.98;9.92
2009-12-12;77.58;9.87
2009-12-13;78.03;9.82
2009-12-14;78.53;9.76
2009-12-15;79.35;9.70
2009-12-16;79.72;9.63
2009-12-17;79.66;9.55
2009-12-18;80.06;9.49
2009-12-19;80.55;9.40
2009-12-20;80.23;9.37
2009-12-21;78.87;9.28
2009-12-22;77.65;9.21
2009-12-23;75.28;9.16
2009-12-24;73.78;9.10
2009-12-25;73.33;9.02
2009-12-26;72.83;8.99
2009-12-27;74.66;8.91
2009-12-28;76.77;8.83
2009-12-29;78.33;8.74
2009-12-30;80.97;8.71
2009-12-31;81.64;8.67
2010-01-01;81.87;8.60
2010-01-02;81.73;8.54
2010-01-03;82.18;8.49
2010-01-04;82.52;8.44
2010-01-05;82.12;8.40
2010-01-06;81.54;8.35
2010-01-07;80.36;8.27
2010-01-08;79.24;8.25
2010-01-09;79.43;8.24
2010-01-10;79.29;8.19
2010-01-11;79.20;8.11
2010-01-12;79.13;8.08
2010-01-13;78.23;8.05
2010-01-14;76.62;8.03
2010-01-15;74.85;8.03
2010-01-16;73.35;8.02
2010-01-17;72.04;7.96
2010-01-18;70.62;7.97
2010-01-19;69.33;7.97
2010-01-20;68.16;7.94
2010-01-21;67.19;7.92
2010-01-22;66.11;7.90
2010-01-23;65.29;7.83
2010-01-24;64.41;7.78
2010-01-25;63.48;7.74
2010-01-26;62.41;7.68
2010-01-27;61.82;7.67
2010-01-28;60.88;7.63
2010-01-29;60.02;7.63
2010-01-30;59.72;7.59
2010-01-31;59.12;7.57
2010-02-01;59.13;7.53
2010-02-02;58.64;7.52
2010-02-03;58.33;7.55
2010-02-04;57.63;7.52
2010-02-05;57.41;7.49
2010-02-06;57.00;7.47
2010-02-07;56.44;7.43
2010-02-08;55.91;7.43
2010-02-09;55.36;7.41
2010-02-10;54.78;7.38
2010-02-11;54.52;7.38
2010-02-12;54.25;7.34
2010-02-13;54.18;7.35
2010-02-14;54.18;7.30
2010-02-15;53.96;7.29
2010-02-16;53.78;7.27
2010-02-17;53.52;7.30
2010-02-18;53.14;7.27
2010-02-19;52.58;7.22
2010-02-20;52.08;7.25
2010-02-21;51.98;7.26
2010-02-22;52.22;7.21
2010-02-23;51.73;7.15
2010-02-24;52.09;7.18
2010-02-25;52.72;7.17
2010-02-26;53.13;7.15
2010-02-27;54.88;7.21
2010-02-28;60.25;7.14
2010-03-01;63.87;7.09
2010-03-02;67.23;7.08
2010-03-03;70.08;7.07
2010-03-04;72.17;7.06
2010-03-05;73.56;7.05
2010-03-06;74.48;7.01
2010-03-07;75.29;7.04
2010-03-08;75.94;7.04
2010-03-09;75.82;7.02
2010-03-10;75.65;7.02
2010-03-11;75.24;6.97
2010-03-12;74.53;6.95
2010-03-13;73.91;6.94
2010-03-14;74.00;6.93
2010-03-15;74.40;6.92
2010-03-16;74.63;6.88
2010-03-17;75.28;6.87
2010-03-18;75.73;6.85
2010-03-19;75.88;6.84
2010-03-20;76.35;6.85
2010-03-21;77.13;6.83
2010-03-22;77.92;6.85
2010-03-23;78.73;6.83
2010-03-24;79.29;6.84
2010-03-25;79.88;6.85
2010-03-26;80.33;6.87
2010-03-27;80.74;6.90
2010-03-28;80.89;6.93
2010-03-29;81.54;6.96
2010-03-30;82.20;6.99
2010-03-31;82.16;7.00
2010-04-01;82.28;6.98
2010-04-02;82.15;7.01
2010-04-03;81.55;7.04
2010-04-04;80.99;7.07
2010-04-05;80.18;7.10
2010-04-06;79.57;7.12
2010-04-07;79.26;7.15
2010-04-08;78.44;7.17
2010-04-09;77.36;7.20
2010-04-10;76.76;7.22
2010-04-11;76.64;7.25
2010-04-12;77.92;7.27
2010-04-13;78.98;7.30
2010-04-14;78.51;7.32
2010-04-15;77.55;7.34
2010-04-16;76.48;7.36
2010-04-17;75.20;7.38
2010-04-18;74.59;7.40
2010-04-19;73.85;7.42
2010-04-20;73.54;7.44
2010-04-21;73.15;7.45
2010-04-22;72.76;7.48
2010-04-23;73.10;7.49
2010-04-24;72.93;7.51
2010-04-25;72.68;7.53
2010-04-26;72.26;7.55
2010-04-27;71.50;7.57
2010-04-28;71.05;7.59
2010-04-29;70.79;7.61
2010-04-30;70.24;7.63
2010-05-01;69.68;7.65
2010-05-02;69.09;7.68
2010-05-03;69.10;7.71
2010-05-04;69.92;7.74
2010-05-05;72.08;7.77
2010-05-06;73.13;7.80
2010-05-07;73.69;7.84
2010-05-08;77.94;7.88
2010-05-09;83.41;7.91
2010-05-10;86.00;7.95
2010-05-11;87.38;7.98
2010-05-12;87.99;8.01
2010-05-13;87.68;8.03
2010-05-14;88.48;8.06
2010-05-15;88.97;8.08
2010-05-16;89.36;8.11
2010-05-17;90.00;8.13
2010-05-18;90.74;8.16
2010-05-19;91.25;8.19
2010-05-20;91.68;8.22
2010-05-21;91.85;8.24
2010-05-22;91.66;8.26
2010-05-23;90.97;8.29
2010-05-24;90.18;8.32
2010-05-25;89.57;8.34
2010-05-26;90.00;8.37
2010-05-27;90.45;8.40
2010-05-28;89.97;8.43
2010-05-29;88.44;8.47
2010-05-30;87.81;8.50
2010-05-31;86.99;8.54
2010-06-01;88.75;8.57
2010-06-02;91.45;8.61
2010-06-03;92.54;8.64
2010-06-04;92.71;8.68
2010-06-05;92.37;8.71
2010-06-06;91.96;8.74
2010-06-07;91.08;8.77
2010-06-08;90.14;8.80
2010-06-09;90.22;8.84
2010-06-10;90.29;8.87
2010-06-11;90.09;8.91
2010-06-12;89.55;8.97
2010-06-13;88.58;9.00
2010-06-14;88.54;9.04
2010-06-15;87.66;9.09
2010-06-16;86.88;9.14
2010-06-17;86.16;9.19
2010-06-18;85.89;9.24
2010-06-19;84.83;9.29
2010-06-20;83.97;9.34
2010-06-21;83.25;9.38
2010-06-22;82.63;9.43
2010-06-23;82.24;9.48
2010-06-24;82.20;9.53
2010-06-25;81.60;9.58
2010-06-26;80.93;9.62
2010-06-27;80.38;9.67
2010-06-28;80.04;9.72
2010-06-29;79.47;9.77
2010-06-30;78.65;9.82
2010-07-01;77.89;9.87
2010-07-02;77.15;9.92
2010-07-03;76.68;9.98
2010-07-04;76.10;10.03
2010-07-05;75.30;10.08
2010-07-06;74.48;10.14
2010-07-07;74.52;10.19
2010-07-08;75.92;10.25
2010-07-09;76.04;10.31
2010-07-10;74.76;10.36
2010-07-11;73.76;10.42
2010-07-12;73.48;10.48
2010-07-13;73.50;10.53
2010-07-14;72.91;10.58
2010-07-15;72.30;10.64
2010-07-16;71.76;10.70
2010-07-17;71.22;10.76
2010-07-18;70.38;10.82
2010-07-19;70.60;10.88
2010-07-20;70.36;10.95
2010-07-21;69.26;11.02
2010-07-22;68.17;11.07
2010-07-23;67.62;11.13
2010-07-24;68.64;11.19
2010-07-25;78.19;11.29
2010-07-26;86.87;11.34
2010-07-27;90.93;11.40
2010-07-28;91.96;11.47
2010-07-29;91.72;11.53
2010-07-30;92.25;11.60
2010-07-31;92.14;11.65
2010-08-01;91.69;11.70
2010-08-02;90.81;11.74
2010-08-03;89.89;11.77
2010-08-04;90.86;11.81
2010-08-05;92.93;11.84
2010-08-06;93.36;11.87
2010-08-07;93.37;11.90
2010-08-08;93.87;11.92
2010-08-09;94.37;11.94
2010-08-10;94.26;11.97
2010-08-11;93.15;11.99
2010-08-12;91.37;12.02
2010-08-13;88.95;12.04
2010-08-14;87.45;12.07
2010-08-15;86.28;12.10
2010-08-16;85.31;12.12
2010-08-17;85.38;12.14
2010-08-18;84.78;12.17
2010-08-19;83.93;12.20
2010-08-20;85.50;12.24
2010-08-21;86.98;12.27
2010-08-22;86.58;12.31
2010-08-23;87.39;12.34
2010-08-24;88.47;12.37
2010-08-25;89.84;12.40
2010-08-26;93.17;12.43
2010-08-27;95.92;12.45
2010-08-28;97.08;12.48
2010-08-29;97.81;12.51
2010-08-30;98.15;12.54
2010-08-31;98.18;12.55
2010-09-01;98.38;12.57
2010-09-02;98.28;12.57
2010-09-03;99.33;12.57
2010-09-04;101.03;12.57
2010-09-05;102.31;12.58
2010-09-06;102.07;12.59
2010-09-07;100.72;12.59
2010-09-08;99.09;12.59
2010-09-09;97.12;12.58
2010-09-10;94.96;12.58
2010-09-11;92.73;12.57
2010-09-12;90.98;12.56
2010-09-13;89.18;12.55
2010-09-14;87.74;12.55
2010-09-15;86.53;12.54
2010-09-16;85.33;12.53
2010-09-17;85.51;12.53
2010-09-18;87.32;12.53
2010-09-19;92.46;12.54
2010-09-20;101.83;12.54
2010-09-21;106.68;12.53
2010-09-22;108.95;12.52
2010-09-23;110.08;12.51
2010-09-24;109.38;12.48
2010-09-25;107.26;12.47
2010-09-26;106.17;12.45
2010-09-27;107.09;12.43
2010-09-28;110.07;12.41
2010-09-29;116.36;12.40
2010-09-30;121.73;12.38
2010-10-01;122.46;12.37
2010-10-02;120.60;12.36
2010-10-03;118.07;12.34
2010-10-04;115.34;12.33
2010-10-05;112.62;12.31
2010-10-06;109.84;12.29
2010-10-07;107.38;12.27
2010-10-08;105.10;12.25
2010-10-09;103.43;12.22
2010-10-10;101.86;12.20
2010-10-11;99.70;12.17
2010-10-12;98.27;12.14
2010-10-13;97.13;12.11
2010-10-14;96.35;12.08
2010-10-15;95.44;12.05
2010-10-16;95.48;12.02
2010-10-17;94.60;11.99
2010-10-18;93.77;11.95
2010-10-19;92.71;11.89
2010-10-20;91.47;11.83
2010-10-21;90.46;11.77
2010-10-22;93.70;11.71
2010-10-23;96.72;11.62
2010-10-24;97.78;11.56
2010-10-25;97.01;11.50
2010-10-26;98.20;11.46
2010-10-27;98.94;11.40
2010-10-28;98.57;11.35
2010-10-29;97.53;11.30
2010-10-30;96.83;11.27
2010-10-31;95.18;11.24
2010-11-01;93.69;11.20
2010-11-02;92.85;11.17
2010-11-03;92.35;11.14
2010-11-04;91.80;11.12
2010-11-05;93.19;11.09
2010-11-06;96.10;11.07
2010-11-07;98.47;11.06
2010-11-08;100.75;11.01
2010-11-09;102.09;10.95
2010-11-10;104.51;10.89
2010-11-11;105.49;10.83
2010-11-12;106.33;10.78
2010-11-13;106.04;10.74
2010-11-14;106.56;10.71
2010-11-15;105.61;10.68
2010-11-16;105.70;10.66
2010-11-17;106.91;10.66
2010-11-18;108.27;10.62
2010-11-19;110.24;10.56
2010-11-20;113.72;10.51
2010-11-21;116.35;10.47
2010-11-22;117.87;10.42
2010-11-23;118.55;10.38
2010-11-24;121.05;10.32
2010-11-25;127.34;10.25
2010-11-26;132.94;10.18
2010-11-27;134.71;10.08
2010-11-28;133.62;9.99
2010-11-29;132.51;9.90
2010-11-30;132.09;9.86
2010-12-01;131.15;9.78
2010-12-02;130.23;9.71
2010-12-03;127.52;9.65
2010-12-04;124.78;9.59
2010-12-05;124.08;9.52
2010-12-06;121.89;9.45
2010-12-07;120.09;9.38
2010-12-08;119.22;9.33
2010-12-09;118.10;9.28
2010-12-10;117.22;9.26
2010-12-11;120.16;9.18
2010-12-12;122.13;9.06
2010-12-13;129.43;8.98
2010-12-14;134.17;8.90
2010-12-15;136.93;8.84
2010-12-16;138.48;8.76
2010-12-17;135.63;8.71
2010-12-18;132.58;8.68
2010-12-19;130.66;8.63
2010-12-20;129.00;8.60
2010-12-21;126.75;8.61
2010-12-22;125.41;8.57
2010-12-23;124.69;8.53
2010-12-24;123.49;8.54
2010-12-25;123.57;8.47
2010-12-26;123.44;8.44
2010-12-27;122.38;8.41
2010-12-28;120.94;8.37
2010-12-29;120.07;8.36
2010-12-30;118.82;8.34
2010-12-31;117.53;8.29
2011-01-01;117.00;8.25
2011-01-02;115.67;8.20
2011-01-03;114.65;8.18
2011-01-04;113.77;8.19
2011-01-05;112.79;8.15
2011-01-06;112.55;8.15
2011-01-07;110.92;8.10
2011-01-08;110.29;8.11
2011-01-09;110.46;8.07
2011-01-10;113.96;7.93
2011-01-11;116.88;7.91
2011-01-12;117.45;7.87
2011-01-13;117.67;7.89
2011-01-14;118.14;7.83
2011-01-15;118.28;7.81
2011-01-16;119.72;7.80
2011-01-17;122.78;7.79
2011-01-18;125.69;7.82
2011-01-19;127.03;7.81
2011-01-20;127.88;7.79
2011-01-21;128.60;7.85
2011-01-22;129.38;7.88
2011-01-23;129.60;7.79
2011-01-24;130.14;7.79
2011-01-25;130.00;7.74
2011-01-26;129.12;7.73
2011-01-27;129.67;7.70
2011-01-28;129.32;7.66
2011-01-29;129.19;7.60
2011-01-30;128.43;7.60
2011-01-31;127.29;7.53
2011-02-01;125.88;7.58
2011-02-02;124.63;7.49
2011-02-03;124.20;7.41
2011-02-04;124.63;7.37
2011-02-05;127.49;7.30
2011-02-06;131.37;7.41
2011-02-07;133.90;7.36
2011-02-08;135.39;7.33
2011-02-09;136.72;7.31
2011-02-10;138.77;7.29
2011-02-11;139.28;7.25
2011-02-12;140.13;7.27
2011-02-13;143.52;7.28
2011-02-14;143.24;7.19
2011-02-15;141.98;7.15
2011-02-16;139.57;7.10
2011-02-17;136.87;7.07
2011-02-18;134.53;7.07
2011-02-19;132.73;7.01
2011-02-20;131.10;6.97
2011-02-21;129.69;6.93
2011-02-22;128.49;6.87
2011-02-23;126.77;6.84
2011-02-24;125.48;6.79
2011-02-25;124.18;6.82
2011-02-26;123.03;6.77
2011-02-27;121.93;6.72
2011-02-28;120.20;6.69
2011-03-01;118.88;6.66
2011-03-02;117.94;6.63
2011-03-03;117.32;6.60
2011-03-04;116.50;6.61
2011-03-05;115.91;6.60
2011-03-06;114.81;6.58
2011-03-07;114.87;6.57
2011-03-08;114.83;6.70
2011-03-09;114.45;6.71
2011-03-10;113.74;6.64
2011-03-11;113.16;6.54
2011-03-12;113.43;6.52
2011-03-13;113.54;6.48
2011-03-14;113.10;6.47
2011-03-15;113.13;6.48
2011-03-16;114.43;6.50
2011-03-17;114.95;6.43
2011-03-18;114.20;6.39
2011-03-19;112.68;6.39
2011-03-20;112.15;6.38
2011-03-21;111.86;6.39
2011-03-22;111.20;6.39
2011-03-23;111.38;6.32
2011-03-24;112.46;6.32
2011-03-25;114.22;6.33
2011-03-26;114.08;6.34
2011-03-27;114.13;6.34
2011-03-28;113.28;6.34
2011-03-29;112.33;6.34
2011-03-30;111.75;6.33
2011-03-31;111.77;6.33
2011-04-01;111.18;6.34
2011-04-02;111.58;6.36
2011-04-03;111.68;6.38
2011-04-04;110.68;6.40
2011-04-05;110.33;6.43
2011-04-06;109.98;6.46
2011-04-07;110.74;6.54
2011-04-08;112.41;6.57
2011-04-09;113.79;6.58
2011-04-10;115.73;6.63
2011-04-11;116.78;6.65
2011-04-12;116.51;6.67
2011-04-13;115.85;6.68
2011-04-14;116.04;6.70
2011-04-15;115.13;6.72
2011-04-16;113.83;6.73
2011-04-17;112.39;6.75
2011-04-18;111.36;6.77
2011-04-19;110.62;6.78
2011-04-20;110.28;6.80
2011-04-21;109.73;6.82
2011-04-22;109.41;6.83
2011-04-23;108.81;6.85
2011-04-24;108.15;6.87
2011-04-25;107.76;6.89
2011-04-26;107.26;6.92
2011-04-27;106.63;6.95
2011-04-28;106.12;6.97
2011-04-29;105.73;7.00
2011-04-30;105.29;7.03
2011-05-01;104.93;7.06
2011-05-02;104.77;7.09
2011-05-03;104.56;7.13
2011-05-04;103.96;7.16
2011-05-05;103.23;7.19
2011-05-06;102.59;7.23
2011-05-07;102.02;7.26
2011-05-08;101.49;7.29
2011-05-09;100.97;7.32
2011-05-10;100.53;7.35
2011-05-11;100.29;7.39
2011-05-12;99.57;7.43
2011-05-13;98.89;7.47
2011-05-14;99.06;7.49
2011-05-15;98.63;7.53
2011-05-16;98.26;7.58
2011-05-17;97.97;7.62
2011-05-18;97.94;7.66
2011-05-19;97.64;7.70
2011-05-20;97.71;7.73
2011-05-21;97.15;7.79
2011-05-22;97.79;7.83
2011-05-23;98.06;7.86
2011-05-24;98.38;7.91
2011-05-25;97.89;7.97
2011-05-26;99.13;8.03
2011-05-27;99.12;8.10
2011-05-28;98.64;8.16
2011-05-29;98.53;8.20
2011-05-30;97.77;8.25
2011-05-31;97.47;8.30
2011-06-01;96.90;8.35
2011-06-02;97.38;8.40
2011-06-03;97.54;8.45
2011-06-04;97.42;8.50
2011-06-05;97.02;8.55
2011-06-06;96.58;8.59
2011-06-07;96.34;8.65
2011-06-08;96.36;8.71
2011-06-09;95.93;8.76
2011-06-10;96.97;8.82
2011-06-11;98.27;8.87
brak danych;;
;;
2011-09-11;129.80;12.37
2011-09-12;129.08;12.23
2011-09-13;128.00;12.23
2011-09-14;126.42;12.23
2011-09-15;127.58;12.24
2011-09-16;129.00;12.25
2011-09-17;129.75;12.25
2011-09-18;128.92;12.25
2011-09-19;127.25;12.26
2011-09-20;126.50;12.27
2011-09-21;125.33;12.27
2011-09-22;123.50;12.27
2011-09-23;121.92;12.27
2011-09-24;122.42;12.27
2011-09-25;122.42;12.27
2011-09-26;120.42;12.27
2011-09-27;118.67;12.27
2011-09-28;117.92;12.27
2011-09-29;117.42;12.27
2011-09-30;116.75;12.27
2011-10-01;115.67;12.27
2011-10-02;114.67;12.26
2011-10-03;114.83;12.26
2011-10-04;114.08;12.25
2011-10-05;113.83;12.25
2011-10-06;114.67;12.25
2011-10-07;114.17;12.25
2011-10-08;115.17;12.25
2011-10-09;117.25;12.25
2011-10-10;120.08;12.25
2011-10-11;120.50;12.25
2011-10-12;121.25;12.25
2011-10-13;122.00;12.24
2011-10-14;123.75;12.23
2011-10-15;125.67;12.22
2011-10-16;124.50;12.21
2011-10-17;122.50;12.19
2011-10-18;120.67;12.18
2011-10-19;117.92;12.16
2011-10-20;116.50;12.14
2011-10-21;116.75;12.11
2011-10-22;118.08;12.08
2011-10-23;118.17;12.04
2011-10-24;117.17;11.96
2011-10-25;116.00;11.90
2011-10-26;115.58;11.84
2011-10-27;115.08;11.79
2011-10-28;114.92;11.75
2011-10-29;114.08;11.72
2011-10-30;113.92;11.71
2011-10-31;113.42;11.69
2011-11-01;112.92;11.67
2011-11-02;112.42;11.66
2011-11-03;111.42;11.63
2011-11-04;110.92;11.62
2011-11-05;110.33;11.57
2011-11-06;109.42;11.52
2011-11-07;108.33;11.48
2011-11-08;107.92;11.43
2011-11-09;107.08;11.37
2011-11-10;106.00;11.32
2011-11-11;105.58;11.30
2011-11-12;104.92;11.26
2011-11-13;104.17;11.19
2011-11-14;103.42;11.12
2011-11-15;102.00;11.04
2011-11-16;101.50;10.98
2011-11-17;101.33;10.92
2011-11-18;100.33;10.87
2011-11-19;99.50;10.82
2011-11-20;99.17;10.76
2011-11-21;99.33;10.72
2011-11-22;98.58;10.68
2011-11-23;98.00;10.66
2011-11-24;97.42;10.62
2011-11-25;96.92;10.59
2011-11-26;96.50;10.54
2011-11-27;97.75;10.52
2011-11-28;98.00;10.50
2011-11-29;102.25;10.45
2011-11-30;103.17;10.44
2011-12-01;103.83;10.39
2011-12-02;103.92;10.32
2011-12-03;104.75;10.29
2011-12-04;105.92;10.25
2011-12-05;106.50;10.22
2011-12-06;107.33;10.18
2011-12-07;109.08;10.10
2011-12-08;110.17;10.01
2011-12-09;111.42;9.94
2011-12-10;111.50;9.86
2011-12-11;112.92;9.81
2011-12-12;115.58;9.74
2011-12-13;115.42;9.67
2011-12-14;115.75;9.61
2011-12-15;115.08;9.55
2011-12-16;116.67;9.51
2011-12-17;115.67;9.48
2011-12-18;117.67;9.45
2011-12-19;119.92;9.39
2011-12-20;121.83;9.33
2011-12-21;122.08;9.24
2011-12-22;121.17;9.15
2011-12-23;120.33;9.08
2011-12-24;118.17;9.06
2011-12-25;117.33;9.01
2011-12-26;117.00;8.96
2011-12-27;117.42;8.94
2011-12-28;119.42;8.97
2011-12-29;120.17;8.95
2011-12-30;118.92;8.98
2011-12-31;119.17;8.97
2012-01-01;120.17;8.92
2012-01-02;119.58;8.85
2012-01-03;119.92;8.84
2012-01-04;119.83;8.84
2012-01-05;122.58;8.83
2012-01-06;121.83;8.78
2012-01-07;126.17;8.77
2012-01-08;127.75;8.72
2012-01-09;129.58;8.65
2012-01-10;130.00;8.62
2012-01-11;130.42;8.59
2012-01-12;131.33;8.56
2012-01-13;131.75;8.52
2012-01-14;134.83;8.52
2012-01-15;142.75;8.44
2012-01-16;146.33;8.38
2012-01-17;144.42;8.23
2012-01-18;142.00;8.25
2012-01-19;140.67;8.22
2012-01-20;138.17;8.18
2012-01-21;137.33;8.15
2012-01-22;136.25;8.16
2012-01-23;136.50;8.08
2012-01-24;138.58;8.09
2012-01-25;138.25;8.05
2012-01-26;136.75;8.04
2012-01-27;135.75;8.03
2012-01-28;134.50;7.96
2012-01-29;132.42;7.87
2012-01-30;131.00;7.85
2012-01-31;129.17;7.77
2012-02-01;127.67;7.81
2012-02-02;125.83;7.68
2012-02-03;124.25;7.64
2012-02-04;122.42;7.62
2012-02-05;121.50;7.57
2012-02-06;120.33;7.60
2012-02-07;118.17;7.58
2012-02-08;116.58;7.54
2012-02-09;114.08;7.52
2012-02-10;113.08;7.48
2012-02-11;112.42;7.45
2012-02-12;111.17;7.44
2012-02-13;109.08;7.41
2012-02-14;108.83;7.37
2012-02-15;106.92;7.33
2012-02-16;106.00;7.33
2012-02-17;105.67;7.32
2012-02-18;104.75;7.27
2012-02-19;104.25;7.27
2012-02-20;103.42;7.19
2012-02-21;104.33;7.15
2012-02-22;104.50;7.16
2012-02-23;106.92;7.07
2012-02-24;110.33;7.09
2012-02-25;112.75;7.16
2012-02-26;114.50;7.12
2012-02-27;117.17;7.15
2012-02-28;118.75;7.16
2012-02-29;118.42;7.10
2012-03-01;119.25;7.09
2012-03-02;118.83;7.08
2012-03-03;119.42;7.13
2012-03-04;120.17;7.09
2012-03-05;120.25;7.08
2012-03-06;119.42;7.06
2012-03-07;119.25;7.01
2012-03-08;117.17;7.03
2012-03-09;115.25;6.99
2012-03-10;114.67;6.99
2012-03-11;113.33;6.99
2012-03-12;113.67;6.97
2012-03-13;113.75;6.95
2012-03-14;113.25;7.05
2012-03-15;113.00;7.12
2012-03-16;113.00;7.14
2012-03-17;111.17;7.14
2012-03-18;110.17;7.14
2012-03-19;108.58;7.13
2012-03-20;108.58;7.13
2012-03-21;109.17;7.13
2012-03-22;110.08;7.13
2012-03-23;109.67;7.13
2012-03-24;108.92;7.13
2012-03-25;107.08;7.14
2012-03-26;107.75;7.15
2012-03-27;108.00;7.15
2012-03-28;108.17;7.15
2012-03-29;107.92;7.17
2012-03-30;108.25;7.17
2012-03-31;108.17;7.18
2012-04-01;111.33;7.19
2012-04-02;113.83;7.20
2012-04-03;115.08;7.21
2012-04-04;115.25;7.22
2012-04-05;115.42;7.22
2012-04-06;114.92;7.23
2012-04-07;113.67;7.23
2012-04-08;115.17;7.24
2012-04-09;118.92;7.25
2012-04-10;119.67;7.24
2012-04-11;118.58;7.24
2012-04-12;116.42;7.24
2012-04-13;114.83;7.24
2012-04-14;113.00;7.24
2012-04-15;111.42;7.24
2012-04-16;110.75;7.24
2012-04-17;110.42;7.26
2012-04-18;109.92;7.26
2012-04-19;109.17;7.28
2012-04-20;108.17;7.29
2012-04-21;107.17;7.30
2012-04-22;106.42;7.31
2012-04-23;105.75;7.33
2012-04-24;105.50;7.34
2012-04-25;104.42;7.35
2012-04-26;103.33;7.37
2012-04-27;102.25;7.39
2012-04-28;102.50;7.40
2012-04-29;101.67;7.42
2012-04-30;100.58;7.44
2012-05-01;100.25;7.47
2012-05-02;100.00;7.50
2012-05-03;99.50;7.53
2012-05-04;98.58;7.56
2012-05-05;97.17;7.59
2012-05-06;96.83;7.63
2012-05-07;95.17;7.67
2012-05-08;95.00;7.70
2012-05-09;94.17;7.74
2012-05-10;93.33;7.77
2012-05-11;92.67;7.80
2012-05-12;91.58;7.84
2012-05-13;91.67;7.87
2012-05-14;92.67;7.90
2012-05-15;92.58;7.93
2012-05-16;90.58;7.97
2012-05-17;90.42;8.01
2012-05-18;90.67;8.05
2012-05-19;90.92;8.10
2012-05-20;90.42;8.14
2012-05-21;89.83;8.18
2012-05-22;89.92;8.21
2012-05-23;89.42;8.25
2012-05-24;90.42;8.30
2012-05-25;90.33;8.34
2012-05-26;89.50;8.39
2012-05-27;88.50;8.44
2012-05-28;88.33;8.49
2012-05-29;87.75;8.54
2012-05-30;87.67;8.59
2012-05-31;87.17;8.65
2012-06-01;87.25;8.69
2012-06-02;86.58;8.74
2012-06-03;88.08;8.79
2012-06-04;88.08;8.84
2012-06-05;86.92;8.89
2012-06-06;86.33;8.93
2012-06-07;85.75;8.97
2012-06-08;85.25;9.01
2012-06-09;84.75;9.05
2012-06-10;84.83;9.08
2012-06-11;84.08;9.12
2012-06-12;83.25;9.15
2012-06-13;82.25;9.19
2012-06-14;81.67;9.22
2012-06-15;81.58;9.26
2012-06-16;81.17;9.30
2012-06-17;79.75;9.33
2012-06-18;79.83;9.37
2012-06-19;78.92;9.42
2012-06-20;80.08;9.46
2012-06-21;79.67;9.50
2012-06-22;79.17;9.54
2012-06-23;78.83;9.59
2012-06-24;80.00;9.63
2012-06-25;78.83;9.68
2012-06-26;79.58;9.72
2012-06-27;82.92;9.77
2012-06-28;84.83;9.82
2012-06-29;86.00;9.87
2012-06-30;85.75;9.91
2012-07-01;84.83;9.95
2012-07-02;83.33;9.99
2012-07-03;83.33;10.03
2012-07-04;81.75;10.06
2012-07-05;81.08;10.10
2012-07-06;80.50;10.14
2012-07-07;81.58;10.22
2012-07-08;90.42;10.28
2012-07-09;93.58;10.32
2012-07-10;94.92;10.36
2012-07-11;94.75;10.41
2012-07-12;93.67;10.45
2012-07-13;93.58;10.50
2012-07-14;94.67;10.54
2012-07-15;94.17;10.58
2012-07-16;95.92;10.63
2012-07-17;97.58;10.67
2012-07-18;98.75;10.71
2012-07-19;100.33;10.75
2012-07-20;101.67;10.80
2012-07-21;106.83;10.84
2012-07-22;109.83;10.87
2012-07-23;111.67;10.90
2012-07-24;111.25;10.93
2012-07-25;110.58;10.96
2012-07-26;109.17;10.98
2012-07-27;108.67;11.05
2012-07-28;108.67;11.03
2012-07-29;106.92;11.05
2012-07-30;106.67;11.08
2012-07-31;107.17;11.11
2012-08-01;106.67;11.15
2012-08-02;106.25;11.19
2012-08-03;105.25;11.23
2012-08-04;104.50;11.26
2012-08-05;104.00;11.30
2012-08-06;103.33;11.34
2012-08-07;103.25;11.38
2012-08-08;105.25;11.42
2012-08-09;109.00;11.46
2012-08-10;110.67;11.49
2012-08-11;112.42;11.53
2012-08-12;112.75;11.56
2012-08-13;111.17;11.60
2012-08-14;109.50;11.63
2012-08-15;108.83;11.66
2012-08-16;108.33;11.68
2012-08-17;106.67;11.71
2012-08-18;104.42;11.73
2012-08-19;102.58;11.76
2012-08-20;100.92;11.78
2012-08-21;99.00;11.81
2012-08-22;99.08;11.84
2012-08-23;98.33;11.86
2012-08-24;98.00;11.89
2012-08-25;97.33;11.92
2012-08-26;97.00;11.96
2012-08-27;95.83;11.99
2012-08-28;99.58;12.02
2012-08-29;101.75;12.05
2012-08-30;102.08;12.08
2012-08-31;100.75;12.11
2012-09-01;105.25;12.14
2012-09-02;110.33;12.17
2012-09-03;111.67;12.18
2012-09-04;111.83;12.20
2012-09-05;110.50;12.24
2012-09-06;110.75;12.23
2012-09-07;112.33;12.25
2012-09-08;113.42;12.26
2012-09-09;115.25;12.27
2012-09-10;115.75;12.29
2012-09-11;114.50;12.31
2012-09-12;113.08;12.32
2012-09-13;113.25;12.33
2012-09-14;114.17;12.35
2012-09-15;113.92;12.35
2012-09-16;115.92;12.37
2012-09-17;117.00;12.37
2012-09-18;117.00;12.39
2012-09-19;116.17;12.39
2012-09-20;117.00;12.39
2012-09-21;116.75;12.39
2012-09-22;117.25;12.39
2012-09-23;117.00;12.39
2012-09-24;118.67;12.39
2012-09-25;120.17;12.39
2012-09-26;120.25;12.39
2012-09-27;119.33;12.38
2012-09-28;117.67;12.37
2012-09-29;117.42;12.36
2012-09-30;117.25;12.35
2012-10-01;117.75;12.34
2012-10-02;117.42;12.33
2012-10-03;116.50;12.32
2012-10-04;115.00;12.31
2012-10-05;115.17;12.29
2012-10-06;117.17;12.28
2012-10-07;120.75;12.27
2012-10-08;122.00;12.25
2012-10-09;125.00;12.23
2012-10-10;127.17;12.22
2012-10-11;129.92;12.20
2012-10-12;130.75;12.18
2012-10-13;130.33;12.16
2012-10-14;130.25;12.13
2012-10-15;129.00;12.10
2012-10-16;127.33;12.07
2012-10-17;126.00;12.04
2012-10-18;124.25;12.01
2012-10-19;122.58;11.98
2012-10-20;120.58;11.94
2012-10-21;119.25;11.91
2012-10-22;117.33;11.88
2012-10-23;115.67;11.86
2012-10-24;115.25;11.83
2012-10-25;114.42;11.81
2012-10-26;115.42;11.78
2012-10-27;119.00;11.76
2012-10-28;118.67;11.73
2012-10-29;116.67;11.71
2012-10-30;114.58;11.67
2012-10-31;113.17;11.58
2012-11-01;112.17;11.39
2012-11-02;110.83;11.23
2012-11-03;109.67;11.18
2012-11-04;109.42;11.18
2012-11-05;109.17;11.15
2012-11-06;109.75;11.09
2012-11-07;113.33;11.03
2012-11-08;117.08;10.96
2012-11-09;120.33;10.91
2012-11-10;122.50;10.88
2012-11-11;122.33;10.86
2012-11-12;119.92;10.84
2012-11-13;118.50;10.82
2012-11-14;118.25;10.80
2012-11-15;116.83;10.76
2012-11-16;115.42;10.72
2012-11-17;114.42;10.68
2012-11-18;113.33;10.63
2012-11-19;111.25;10.60
2012-11-20;110.25;10.56
2012-11-21;109.08;10.52
2012-11-22;107.50;10.48
2012-11-23;106.42;10.45
2012-11-24;105.50;10.42
2012-11-25;104.83;10.39
2012-11-26;103.33;10.36
2012-11-27;103.42;10.33
2012-11-28;102.58;10.30
2012-11-29;102.75;10.27
2012-11-30;103.50;10.25
2012-12-01;108.58;10.16
2012-12-02;110.33;10.08
2012-12-03;110.33;10.04
2012-12-04;110.33;9.94
2012-12-05;108.58;9.87
2012-12-06;107.92;9.81
2012-12-07;107.08;9.74
2012-12-08;106.08;9.67
2012-12-09;106.25;9.60
2012-12-10;105.17;9.54
2012-12-11;104.00;9.48
2012-12-12;105.75;9.41
2012-12-13;107.08;9.36
2012-12-14;105.92;9.31
2012-12-15;104.33;9.24
2012-12-16;102.08;9.20
2012-12-17;101.17;9.15
2012-12-18;100.42;9.08
2012-12-19;100.08;9.02
2012-12-20;100.42;8.99
2012-12-21;100.25;8.96
2012-12-22;99.83;8.91
2012-12-23;99.67;8.88
2012-12-24;99.08;8.82
2012-12-25;98.50;8.77
2012-12-26;98.08;8.70
2012-12-27;99.67;8.68
2012-12-28;100.67;8.63
2012-12-29;103.58;8.63
2012-12-30;104.50;8.56
2012-12-31;104.83;8.52
2013-01-01;105.08;8.50
2013-01-02;104.83;8.49
2013-01-03;105.58;8.51
2013-01-04;106.58;8.52
2013-01-05;108.58;8.50
2013-01-06;110.58;8.49
2013-01-07;111.50;8.44
2013-01-08;111.92;8.39
2013-01-09;110.92;8.36
2013-01-10;111.17;8.32
2013-01-11;114.25;8.26
2013-01-12;118.42;8.21
2013-01-13;121.17;8.16
2013-01-14;121.25;8.09
2013-01-15;120.08;8.07
2013-01-16;118.75;8.04
2013-01-17;117.25;7.99
2013-01-18;116.42;7.96
2013-01-19;116.17;7.93
2013-01-20;115.08;7.92
2013-01-21;113.83;7.89
2013-01-22;113.25;7.89
2013-01-23;112.00;7.85
2013-01-24;110.83;7.84
2013-01-25;109.00;7.84
2013-01-26;108.00;7.80
2013-01-27;107.25;7.79
2013-01-28;105.83;7.74
2013-01-29;104.25;7.71
2013-01-30;102.75;7.69
2013-01-31;102.83;7.66
2013-02-01;105.00;7.60
2013-02-02;107.00;7.60
2013-02-03;107.25;7.55
2013-02-04;107.83;7.52
2013-02-05;108.50;7.52
2013-02-06;108.92;7.50
2013-02-07;109.67;7.48
2013-02-08;110.50;7.46
2013-02-09;111.58;7.46
2013-02-10;112.75;7.44
2013-02-11;113.17;7.40
2013-02-12;112.75;7.37
2013-02-13;111.75;7.35
2013-02-14;110.92;7.33
2013-02-15;110.00;7.28
2013-02-16;108.75;7.27
2013-02-17;106.92;7.26
2013-02-18;105.75;7.23
2013-02-19;105.83;7.22
2013-02-20;107.92;7.17
2013-02-21;111.42;7.17
2013-02-22;111.50;7.12
2013-02-23;111.75;7.07
2013-02-24;111.42;6.97
2013-02-25;110.00;6.95
2013-02-26;109.00;7.03
2013-02-27;107.83;7.03
2013-02-28;107.50;7.00
2013-03-01;107.17;6.99
2013-03-02;108.25;6.97
2013-03-03;109.00;6.94
2013-03-04;110.33;6.93
2013-03-05;110.42;6.92
2013-03-06;109.17;6.90
2013-03-07;107.17;6.89
2013-03-08;107.17;6.88
2013-03-09;106.33;6.87
2013-03-10;106.00;6.85
2013-03-11;106.17;6.83
2013-03-12;105.33;6.81
2013-03-13;104.50;6.79
2013-03-14;103.50;6.79
2013-03-15;102.50;6.76
2013-03-16;101.17;6.75
2013-03-17;100.92;6.72
2013-03-18;99.83;6.71
2013-03-19;99.58;6.69
2013-03-20;98.58;6.67
2013-03-21;98.42;6.65
2013-03-22;98.08;6.63
2013-03-23;97.42;6.61
2013-03-24;97.08;6.59
2013-03-25;96.58;6.55
2013-03-26;95.50;6.56
2013-03-27;94.33;6.56
2013-03-28;93.92;6.61
2013-03-29;92.33;6.59
2013-03-30;91.42;6.59
2013-03-31;90.83;6.58
2013-04-01;90.08;6.57
2013-04-02;89.50;6.55
2013-04-03;89.83;6.53
2013-04-04;89.42;6.52
2013-04-05;88.67;6.51
2013-04-06;88.33;6.50
2013-04-07;87.92;6.48
2013-04-08;87.58;6.48
2013-04-09;87.42;6.47
2013-04-10;87.08;6.46
2013-04-11;86.83;6.46
2013-04-12;85.83;6.46
2013-04-13;85.25;6.45
2013-04-14;85.08;6.45
2013-04-15;84.83;6.45
2013-04-16;84.25;6.45
2013-04-17;84.25;6.46
2013-04-18;83.92;6.47
2013-04-19;83.75;6.48
2013-04-20;83.25;6.50
2013-04-21;84.42;6.51
2013-04-22;84.50;6.53
2013-04-23;84.25;6.55
2013-04-24;83.58;6.58
2013-04-25;83.50;6.61
2013-04-26;84.67;6.64
2013-04-27;84.50;6.67
2013-04-28;84.58;6.71
2013-04-29;84.58;6.74
2013-04-30;83.58;6.78
2013-05-01;83.58;6.81
2013-05-02;84.08;6.85
2013-05-03;83.58;6.88
2013-05-04;83.58;6.91
2013-05-05;82.58;6.94
2013-05-06;82.75;6.97
2013-05-07;82.75;7.00
2013-05-08;82.67;7.03
2013-05-09;83.33;7.07
2013-05-10;83.08;7.10
2013-05-11;82.17;7.14
2013-05-12;81.75;7.18
2013-05-13;81.42;7.22
2013-05-14;80.50;7.27
2013-05-15;80.42;7.32
2013-05-16;80.08;7.37
2013-05-17;80.42;7.42
2013-05-18;80.75;7.47
2013-05-19;80.50;7.52
2013-05-20;80.50;7.58
2013-05-21;80.92;7.64
2013-05-22;82.17;7.70
2013-05-23;83.17;7.77
2013-05-24;84.00;7.83
2013-05-25;85.67;7.90
2013-05-26;87.33;7.96
2013-05-27;90.25;8.03
2013-05-28;92.00;8.09
2013-05-29;92.83;8.15
2013-05-30;93.00;8.21
2013-05-31;92.50;8.25
2013-06-01;92.33;8.30
2013-06-02;91.92;8.35
2013-06-03;91.75;8.39
2013-06-04;91.75;8.44
2013-06-05;92.67;8.49
2013-06-06;93.33;8.54
2013-06-07;92.25;8.59
2013-06-08;90.58;8.64
2013-06-09;89.58;8.68
2013-06-10;88.67;8.73
2013-06-11;88.17;8.77
2013-06-12;86.83;8.83
2013-06-13;86.42;8.88
2013-06-14;85.50;8.93
2013-06-15;85.25;8.98
2013-06-16;84.17;9.04
2013-06-17;83.25;9.09
2013-06-18;83.58;9.15
2013-06-19;83.00;9.21
2013-06-20;81.83;9.26
2013-06-21;81.42;9.32
2013-06-22;80.92;9.37
2013-06-23;80.67;9.42
2013-06-24;79.58;9.48
2013-06-25;79.33;9.53
2013-06-26;80.50;9.59
2013-06-27;82.75;9.65
2013-06-28;83.75;9.71
2013-06-29;83.33;9.77
2013-06-30;81.67;9.84
2013-07-01;83.50;9.90
2013-07-02;86.50;9.96
2013-07-03;87.25;10.02
2013-07-04;87.33;10.07
2013-07-05;87.50;10.12
2013-07-06;87.00;10.16
2013-07-07;87.33;10.20
2013-07-08;85.75;10.24
2013-07-09;85.83;10.28
2013-07-10;86.33;10.32
2013-07-11;86.92;10.36
2013-07-12;88.25;10.41
2013-07-13;89.42;10.45
2013-07-14;89.75;10.50
2013-07-15;89.67;10.55
2013-07-16;89.25;10.60
2013-07-17;87.92;10.65
2013-07-18;87.25;10.70
2013-07-19;86.42;10.74
2013-07-20;87.00;10.79
2013-07-21;87.83;10.83
2013-07-22;87.33;10.88
2013-07-23;87.00;10.92
2013-07-24;88.33;10.97
2013-07-25;88.33;11.01
2013-07-26;86.67;11.05
2013-07-27;85.50;11.10
2013-07-28;83.08;11.14
2013-07-29;81.25;11.18
2013-07-30;80.67;11.22
2013-07-31;81.17;11.27
2013-08-01;78.92;11.31
2013-08-02;78.25;11.35
2013-08-03;77.67;11.39
2013-08-04;77.00;11.43
2013-08-05;77.00;11.47
2013-08-06;76.17;11.51
2013-08-07;75.33;11.55
2013-08-08;74.83;11.59
2013-08-09;73.67;11.63
2013-08-10;74.08;11.67
2013-08-11;74.17;11.71
2013-08-12;75.17;11.75
2013-08-13;76.00;11.79
2013-08-14;77.50;11.84
2013-08-15;83.83;11.89
2013-08-16;87.42;11.95
2013-08-17;87.50;11.98
2013-08-18;86.58;12.01
2013-08-19;85.08;12.03
2013-08-20;83.92;12.05
2013-08-21;83.42;12.07
2013-08-22;83.00;12.09
2013-08-23;82.50;12.11
2013-08-24;82.67;12.13
2013-08-25;81.50;12.15
2013-08-26;80.17;12.17
2013-08-27;78.17;12.19
2013-08-28;77.08;12.20
2013-08-29;75.83;12.22
2013-08-30;75.25;12.24
2013-08-31;74.17;12.25
2013-09-01;74.58;12.27
2013-09-02;77.08;12.29
2013-09-03;81.67;12.31
2013-09-04;85.92;12.33
2013-09-05;87.00;12.35
2013-09-06;86.58;12.37
2013-09-07;85.00;12.38
2013-09-08;82.67;12.39
2013-09-09;82.00;12.40
2013-09-10;80.92;12.40
2013-09-11;79.83;12.41
2013-09-12;79.17;12.41
2013-09-13;82.50;12.42
2013-09-14;90.92;12.44
2013-09-15;93.58;12.44
2013-09-16;94.42;12.44
2013-09-17;93.42;12.44
2013-09-18;93.08;12.44
2013-09-19;92.33;12.44
2013-09-20;92.25;12.43
2013-09-21;91.83;12.43
2013-09-22;92.42;12.43
2013-09-23;92.42;12.43
2013-09-24;94.08;12.42
2013-09-25;95.67;12.41
2013-09-26;96.92;12.40
2013-09-27;97.33;12.39
2013-09-28;97.75;12.39
2013-09-29;97.75;12.38
2013-09-30;96.58;12.37
2013-10-01;94.92;12.36
2013-10-02;92.58;12.35
2013-10-03;90.75;12.33
2013-10-04;88.75;12.31
2013-10-05;86.75;12.29
2013-10-06;84.58;12.27
2013-10-07;82.50;12.24
2013-10-08;80.83;12.21
2013-10-09;79.75;12.18
2013-10-10;78.58;12.15
2013-10-11;77.83;12.12
2013-10-12;77.58;12.09
2013-10-13;77.42;12.06
2013-10-14;76.25;12.03
2013-10-15;76.00;12.01
2013-10-16;75.25;11.98
2013-10-17;73.75;11.96
2013-10-18;73.50;11.94
2013-10-19;75.42;11.92
2013-10-20;77.42;11.90
2013-10-21;77.42;11.88
2013-10-22;77.75;11.86
2013-10-23;77.67;11.84
2013-10-24;76.00;11.81
2013-10-25;74.42;11.79
2013-10-26;73.58;11.76
2013-10-27;72.92;11.74
2013-10-28;73.08;11.72
2013-10-29;74.17;11.70
2013-10-30;74.83;11.68
2013-10-31;76.33;11.67
2013-11-01;78.33;11.65
2013-11-02;79.25;11.63
2013-11-03;80.50;11.62
2013-11-04;81.92;11.60
2013-11-05;84.17;11.58
2013-11-06;85.67;11.56
2013-11-07;87.33;11.53
2013-11-08;87.42;11.51
2013-11-09;87.75;11.48
2013-11-10;88.17;11.45
2013-11-11;89.83;11.42
2013-11-12;90.58;11.39
2013-11-13;90.42;11.35
2013-11-14;91.17;11.31
2013-11-15;91.92;11.27
2013-11-16;90.50;11.22
2013-11-17;91.83;11.16
2013-11-18;91.50;11.05
2013-11-19;91.08;10.95
2013-11-20;89.50;10.86
2013-11-21;90.25;10.83
2013-11-22;91.08;10.79
2013-11-23;91.17;10.75
2013-11-24;91.08;10.73
2013-11-25;92.67;10.71
2013-11-26;94.42;10.66
2013-11-27;95.17;10.60
2013-11-28;95.17;10.54
2013-11-29;96.42;10.50
2013-11-30;98.25;10.46
2013-12-01;97.42;10.42
2013-12-02;99.08;10.36
2013-12-03;100.50;10.31
2013-12-04;99.17;10.24
2013-12-05;98.50;10.21
2013-12-06;101.58;10.13
2013-12-07;107.83;10.05
2013-12-08;113.08;9.96
2013-12-09;113.25;9.84
2013-12-10;110.75;9.75
2013-12-11;107.33;9.69
2013-12-12;103.42;9.66
2013-12-13;101.75;9.64
2013-12-14;100.67;9.62
2013-12-15;99.42;9.59
2013-12-16;97.83;9.60
2013-12-17;96.33;9.56
2013-12-18;95.25;9.56
2013-12-19;94.75;9.54
2013-12-20;93.25;9.57
2013-12-21;92.08;9.51
2013-12-22;91.83;9.46
2013-12-23;91.25;9.45
2013-12-24;91.17;9.42
2013-12-25;90.17;9.49
2013-12-26;89.92;9.45
2013-12-27;90.08;9.44
2013-12-28;89.33;9.42
2013-12-29;88.42;9.40
2013-12-30;88.08;9.36
2013-12-31;87.83;9.35
2014-01-01;86.75;9.33
2014-01-02;85.50;9.29
2014-01-03;84.67;9.22
2014-01-04;83.50;9.18
2014-01-05;83.08;9.14
2014-01-06;82.42;9.12
2014-01-07;82.17;9.07
2014-01-08;81.33;9.04
2014-01-09;81.67;9.06
2014-01-10;84.67;9.02
2014-01-11;91.92;8.98
2014-01-12;96.58;8.96
2014-01-13;100.75;8.94
2014-01-14;102.58;8.86
2014-01-15;101.75;8.79
2014-01-16;99.92;8.76
2014-01-17;98.08;8.71
2014-01-18;96.92;8.70
2014-01-19;94.92;8.67
2014-01-20;93.33;8.57
2014-01-21;92.25;8.58
2014-01-22;90.83;8.49
2014-01-23;89.83;8.33
2014-01-24;88.33;8.28
2014-01-25;86.75;8.23
2014-01-26;85.00;8.18
2014-01-27;83.50;8.12
2014-01-28;82.08;8.07
2014-01-29;80.92;8.03
2014-01-30;79.50;7.98
2014-01-31;78.00;7.94
2014-02-01;76.58;8.00
2014-02-02;75.75;7.96
2014-02-03;74.58;7.90
2014-02-04;73.50;7.87
2014-02-05;73.00;7.83
2014-02-06;72.33;7.81
2014-02-07;71.08;7.74
2014-02-08;71.08;7.79
2014-02-09;70.67;7.88
2014-02-10;70.42;7.82
2014-02-11;69.58;7.85
2014-02-12;68.92;7.88
2014-02-13;68.75;7.88
2014-02-14;68.42;7.85
2014-02-15;67.50;7.83
2014-02-16;67.25;7.80
2014-02-17;67.25;7.79
2014-02-18;67.33;7.79
2014-02-19;67.67;7.74
2014-02-20;68.17;7.70
2014-02-21;68.33;7.69
2014-02-22;67.83;7.70
2014-02-23;67.17;7.69
2014-02-24;66.17;7.69
2014-02-25;66.00;7.70
2014-02-26;65.50;7.68
2014-02-27;66.00;7.67
2014-02-28;66.83;7.68
2014-03-01;66.83;7.73
2014-03-02;66.67;7.80
2014-03-03;66.00;7.77
2014-03-04;65.83;7.65
2014-03-05;65.00;7.59
2014-03-06;64.33;7.59
2014-03-07;63.25;7.60
2014-03-08;62.67;7.61
2014-03-09;61.83;7.62
2014-03-10;61.58;7.62
2014-03-11;61.50;7.63
2014-03-12;61.42;7.63
2014-03-13;60.92;7.61
2014-03-14;61.17;7.60
2014-03-15;62.08;7.60
2014-03-16;67.50;7.60
2014-03-17;71.00;7.60
2014-03-18;72.50;7.61
2014-03-19;73.17;7.62
2014-03-20;73.50;7.64
2014-03-21;73.25;7.65
2014-03-22;71.50;7.65
2014-03-23;71.08;7.67
2014-03-24;70.00;7.67
2014-03-25;70.50;7.70
2014-03-26;75.17;7.72
2014-03-27;76.33;7.75
2014-03-28;77.17;7.76
2014-03-29;76.75;7.76
2014-03-30;75.50;7.77
2014-03-31;73.58;7.77
2014-04-01;71.58;7.77
2014-04-02;69.58;7.77
2014-04-03;68.00;7.77
2014-04-04;66.67;7.78
2014-04-05;65.42;7.78
2014-04-06;64.33;7.78
2014-04-07;62.67;7.78
2014-04-08;61.75;7.79
2014-04-09;60.92;7.80
2014-04-10;64.83;7.81
2014-04-11;66.58;7.82
2014-04-12;65.33;7.83
2014-04-13;63.75;7.83
2014-04-14;63.25;7.84
2014-04-15;64.75;7.85
2014-04-16;66.50;7.87
2014-04-17;67.75;7.88
2014-04-18;66.92;7.89
2014-04-19;66.75;7.91
2014-04-20;66.92;7.92
2014-04-21;66.42;7.94
2014-04-22;66.58;7.96
2014-04-23;66.42;7.97
2014-04-24;68.33;7.99
2014-04-25;69.17;8.01
2014-04-26;67.83;8.03
2014-04-27;65.42;8.06
2014-04-28;63.58;8.08
2014-04-29;61.75;8.11
2014-04-30;60.75;8.13
2014-05-01;60.67;8.16
2014-05-02;61.00;8.19
2014-05-03;60.75;8.22
2014-05-04;59.92;8.24
2014-05-05;59.58;8.28
2014-05-06;59.08;8.30
2014-05-07;58.58;8.33
2014-05-08;58.50;8.36
2014-05-09;58.00;8.38
2014-05-10;57.25;8.41
2014-05-11;57.25;8.43
2014-05-12;57.92;8.46
2014-05-13;58.75;8.49
2014-05-14;60.83;8.51
2014-05-15;62.67;8.54
2014-05-16;62.08;8.57
2014-05-17;61.00;8.60
2014-05-18;60.42;8.63
2014-05-19;61.33;8.66
2014-05-20;60.67;8.68
2014-05-21;59.42;8.72
2014-05-22;58.08;8.75
2014-05-23;57.25;8.78
2014-05-24;57.75;8.82
2014-05-25;57.50;8.85
2014-05-26;57.33;8.90
2014-05-27;57.33;8.94
2014-05-28;61.08;8.99
2014-05-29;64.17;9.05
2014-05-30;64.50;9.11
2014-05-31;62.92;9.17
2014-06-01;60.83;9.23
2014-06-02;59.00;9.28
2014-06-03;59.00;9.33
2014-06-04;59.25;9.38
2014-06-05;57.92;9.42
2014-06-06;56.42;9.46
2014-06-07;55.33;9.50
2014-06-08;54.50;9.54
2014-06-09;54.17;9.58
2014-06-10;53.83;9.61
2014-06-11;53.33;9.65
2014-06-12;53.17;9.69
2014-06-13;54.08;9.73
2014-06-14;56.08;9.77
2014-06-15;60.42;9.82
2014-06-16;62.17;9.87
2014-06-17;61.00;9.93
2014-06-18;60.00;9.98
2014-06-19;58.58;10.03
2014-06-20;59.58;10.08
2014-06-21;60.92;10.13
2014-06-22;62.17;10.18
2014-06-23;62.67;10.22
2014-06-24;63.67;10.27
2014-06-25;64.75;10.31
2014-06-26;64.67;10.36
2014-06-27;63.58;10.40
2014-06-28;61.67;10.44
2014-06-29;59.50;10.48
2014-06-30;57.83;10.51
2014-07-01;57.83;10.54
2014-07-02;57.58;10.58
2014-07-03;57.92;10.61
2014-07-04;57.92;10.65
2014-07-05;57.00;10.68
2014-07-06;56.58;10.71
2014-07-07;56.33;10.74
2014-07-08;56.33;10.78
2014-07-09;57.17;10.81
2014-07-10;57.42;10.85
2014-07-11;58.33;10.89
2014-07-12;59.75;10.94
2014-07-13;61.00;10.98
2014-07-14;60.42;11.04
2014-07-15;58.58;11.09
2014-07-16;57.00;11.14
2014-07-17;55.75;11.19
2014-07-18;55.58;11.24
2014-07-19;54.92;11.28
2014-07-20;53.92;11.32
2014-07-21;53.58;11.36
2014-07-22;53.83;11.39
2014-07-23;53.83;11.43
2014-07-24;53.25;11.47
2014-07-25;52.75;11.52
2014-07-26;52.25;11.56
2014-07-27;51.25;11.60
2014-07-28;50.67;11.64
2014-07-29;50.17;11.69
2014-07-30;49.92;11.73
2014-07-31;49.75;11.77
2014-08-01;49.75;11.81
2014-08-02;49.08;11.85
2014-08-03;48.92;11.90
2014-08-04;48.50;11.94
2014-08-05;48.67;11.98
2014-08-06;52.83;12.03
2014-08-07;55.25;12.08
2014-08-08;55.33;12.13
2014-08-09;54.00;12.18
2014-08-10;53.08;12.23
2014-08-11;53.00;12.27
2014-08-12;52.50;12.31
2014-08-13;51.58;12.35
2014-08-14;51.50;12.39
2014-08-15;52.42;12.43
2014-08-16;52.92;12.47
2014-08-17;54.92;12.50
2014-08-18;56.92;12.54
2014-08-19;58.00;12.57
2014-08-20;59.25;12.59
2014-08-21;60.75;12.62
2014-08-22;61.92;12.64
2014-08-23;61.42;12.65
2014-08-24;61.58;12.67
2014-08-25;62.17;12.67
2014-08-26;63.42;12.68
2014-08-27;64.42;12.68
2014-08-28;66.08;12.68
2014-08-29;67.33;12.68
2014-08-30;66.92;12.68
2014-08-31;67.25;12.68
2014-09-01;67.33;12.68
2014-09-02;65.92;12.68
2014-09-03;65.08;12.67
2014-09-04;63.08;12.67
2014-09-05;61.25;12.67
2014-09-06;59.33;12.67
2014-09-07;57.67;12.67
2014-09-08;56.58;12.67
2014-09-09;55.75;12.67
2014-09-10;55.83;12.67
2014-09-11;56.75;12.67
2014-09-12;56.75;12.67
2014-09-13;56.83;12.67
2014-09-14;57.83;12.67
2014-09-15;58.00;12.67
2014-09-16;56.67;12.67
2014-09-17;54.83;12.67
2014-09-18;54.00;12.67
2014-09-19;53.00;12.67
2014-09-20;51.75;12.67
2014-09-21;50.83;12.66
2014-09-22;50.08;12.66
2014-09-23;54.42;12.65
2014-09-24;61.25;12.65
2014-09-25;63.50;12.65
2014-09-26;63.50;12.65
2014-09-27;62.67;12.65
2014-09-28;62.33;12.64
2014-09-29;61.75;12.63
2014-09-30;61.00;12.62
2014-10-01;60.58;12.60
2014-10-02;59.75;12.59
2014-10-03;58.58;12.57
2014-10-04;57.25;12.55
2014-10-05;56.58;12.53
2014-10-06;55.25;12.52
2014-10-07;54.25;12.50
2014-10-08;53.50;12.49
2014-10-09;52.67;12.47
2014-10-10;51.08;12.45
2014-10-11;50.08;12.44
2014-10-12;49.75;12.42
2014-10-13;51.25;12.40
2014-10-14;52.17;12.38
2014-10-15;54.17;12.37
2014-10-16;56.50;12.35
2014-10-17;57.50;12.33
2014-10-18;57.50;12.32
2014-10-19;56.75;12.31
2014-10-20;55.83;12.29
2014-10-21;57.00;12.28
2014-10-22;59.08;12.26
2014-10-23;59.92;12.24
2014-10-24;60.08;12.23
2014-10-25;58.92;12.21
2014-10-26;56.50;12.20
2014-10-27;54.92;12.18
2014-10-28;54.08;12.16
2014-10-29;54.08;12.14
2014-10-30;53.33;12.11
2014-10-31;54.75;12.08
